ID,DISTRITO,12/03/18,19/03/18,26/03/18,02/04/18,09/04/18,16/04/18,23/04/18,30/04/18,07/05/18,14/05/18,21/05/18,28/05/18,04/06/18,11/06/18,18/06/18,25/06/18,02/07/18,09/07/18,16/07/18,23/07/18,30/07/18,06/08/18,13/08/18,20/08/18,27/08/18,03/09/18,10/09/18,17/09/18,24/09/18,01/10/18,08/10/18,15/10/18,22/10/18,29/10/18,05/11/18,12/11/18,19/11/18,26/11/18,03/12/18,10/12/18,17/12/18,24/12/18,31/12/18,07/01/19,14/01/19,21/01/19,28/01/19,04/02/19,11/02/19,18/02/19,25/02/19,04/03/19,11/03/19,18/03/19,25/03/19,01/04/19,08/04/19,15/04/19,22/04/19,29/04/19,06/05/19,13/05/19,"LONGITUDE,N,19,11","LATITUDE,N,19,11"
1,DS CENTRAL,6,20,0,0,82,0,0,316,4,55,155,358,68,21,0,155,128,0,10,16,9,0,146,78,0,297,38,40,58,46,81,66,25,16,43,66,18,6,101,83,31,55,23,119,24,53,72,43,0,9,116,0,76,80,0,0,0,76,37,0,0,0,"-49,31960460900","-16,69290319940"
2,DS CENTRAL,130,271,41,38,71,93,0,160,0,0,0,0,0,136,0,208,161,6,0,0,101,0,25,0,0,0,0,21,0,0,0,0,0,0,0,0,0,0,0,0,0,0,0,0,2,0,0,0,0,51,117,66,10,65,33,41,47,238,300,28,105,17,"-49,30904818280","-16,68946386590"
3,DS CENTRAL,0,0,0,0,0,0,0,21,0,27,0,99,0,17,7,141,0,74,31,84,25,0,16,18,0,0,0,136,67,0,38,39,41,15,0,71,0,0,164,107,56,59,44,92,23,88,0,0,0,0,0,91,33,76,5,35,46,59,61,94,19,38,"-49,30086501130","-16,68983056040"
4,DS CENTRAL,17,304,10,86,0,62,147,78,0,101,0,0,189,66,284,75,0,4,67,4,56,0,0,239,0,3,0,0,0,0,10,38,14,0,57,0,21,43,141,137,48,45,0,0,286,0,77,0,100,0,123,0,48,31,59,20,61,12,63,4,16,79,"-49,29334483370","-16,68611195400"
5,DS CENTRAL,23,33,7,0,0,0,0,39,169,89,54,9,325,141,18,94,9,5,146,25,0,0,0,65,0,0,0,99,62,136,49,96,65,29,6,480,37,41,298,29,88,66,12,112,110,57,46,0,0,19,294,83,0,0,66,33,0,0,17,96,114,16,"-49,30151154470","-16,67609193680"
6,DS CENTRAL,7,0,15,0,0,116,20,0,0,0,0,304,71,130,26,8,8,77,0,0,0,0,0,62,237,142,0,62,0,68,66,12,29,0,0,0,0,0,52,6,0,0,0,58,194,17,44,5,0,0,55,19,76,0,25,0,59,61,127,52,20,0,"-49,31079743320","-16,67762304130"
7,DS CENTRAL,27,0,29,0,0,0,0,0,0,9,0,0,41,0,110,7,0,0,0,0,0,0,0,0,0,94,208,33,55,52,34,11,33,34,0,13,19,19,47,45,0,17,27,23,80,0,59,57,0,4,0,1,1,7,19,22,0,144,99,15,63,26,"-49,30408972270","-16,67100813360"
8,DS CENTRAL,0,0,20,21,0,12,7,174,0,47,182,116,150,108,0,105,0,3,0,0,41,0,0,0,0,0,0,0,98,41,67,54,53,47,14,0,0,35,0,9,7,0,0,0,8,0,32,0,0,0,0,29,84,0,0,0,0,0,41,10,0,0,"-49,31021665140","-16,66536984380"
9,DS CENTRAL,0,92,113,0,100,78,0,0,0,0,11,97,76,219,495,259,296,209,286,8,11,0,159,6,0,0,0,0,0,87,14,41,86,36,0,203,63,0,59,30,37,63,0,117,23,18,7,65,0,0,25,0,63,48,41,7,57,147,88,0,15,28,"-49,29706520480","-16,67983772530"
10,DS CENTRAL,63,244,228,23,65,0,63,119,47,115,0,241,254,293,193,168,139,25,108,0,0,0,0,0,25,0,0,0,0,0,0,43,0,0,12,48,6,23,0,61,0,1,16,3,42,26,8,0,0,13,0,26,0,8,15,0,48,0,55,0,30,45,"-49,30041761570","-16,66824769550"
11,DS CENTRAL,0,66,0,38,0,0,0,158,8,0,0,99,6,103,8,0,0,20,103,0,11,0,48,3,36,0,15,0,0,23,36,0,0,0,0,0,0,0,0,0,0,19,11,0,0,0,0,0,0,0,0,0,0,0,0,0,0,0,1,0,0,0,"-49,24323638980","-16,65051341570"
12,DS CENTRAL,29,0,0,0,0,0,0,1,0,0,2,129,0,0,0,0,0,0,120,0,126,0,0,18,18,36,24,5,57,38,5,43,22,19,0,38,15,35,60,0,36,0,3,0,0,0,0,35,0,0,8,54,9,12,1,10,0,33,42,0,0,28,"-49,24170793230","-16,66085187160"
13,DS CENTRAL,0,268,166,69,0,0,0,0,177,21,195,108,68,215,51,74,211,0,95,0,119,46,31,29,0,0,43,0,34,31,83,0,0,0,0,142,0,15,0,0,39,44,6,6,160,13,89,112,217,42,159,305,28,129,53,61,39,4,21,22,39,16,"-49,24061426220","-16,66841984870"
14,DS CENTRAL,0,0,0,33,0,0,0,73,0,0,78,114,98,72,222,0,0,0,0,55,15,117,0,61,82,19,0,0,32,279,0,12,3,0,0,35,0,17,161,0,6,21,0,15,11,0,32,47,0,4,15,87,54,0,0,8,26,47,28,17,104,26,"-49,23056458910","-16,66449793950"
15,DS CENTRAL,8,0,0,0,0,0,109,96,12,0,91,205,209,0,331,116,230,87,151,9,0,0,0,0,17,0,14,22,59,0,41,19,0,0,8,34,168,32,98,14,0,8,0,18,19,0,9,12,92,34,113,91,65,30,94,265,28,40,66,52,88,11,"-49,23452504670","-16,66714125190"
16,DS CENTRAL,1,36,0,104,0,0,99,60,0,104,0,200,62,0,21,77,0,133,0,0,0,0,0,0,0,15,0,63,0,0,0,46,8,121,0,0,59,12,0,0,0,44,0,0,0,0,25,0,13,0,12,0,86,79,0,0,14,0,0,0,69,0,"-49,22922453940","-16,66896259480"
17,DS CENTRAL,0,54,0,11,58,58,13,52,5,46,7,0,0,0,0,45,0,0,0,0,86,0,0,14,41,0,0,0,23,26,0,51,0,16,23,6,46,36,95,0,21,0,15,0,0,6,1,9,0,0,0,21,0,0,0,19,0,18,7,26,0,43,"-49,23265577480","-16,67430480980"
18,DS CENTRAL,0,0,0,41,0,0,0,0,0,0,0,117,114,214,175,101,0,0,0,0,0,0,0,0,65,0,8,0,0,0,0,0,0,0,12,0,52,0,0,10,0,0,0,0,11,0,4,0,0,0,0,35,0,4,0,0,21,0,0,28,4,0,"-49,24500389970","-16,68011954300"
19,DS CENTRAL,0,41,182,15,6,8,28,0,9,0,0,328,274,298,319,242,0,0,0,65,0,0,0,59,0,0,0,0,0,0,0,5,11,53,25,26,13,48,0,0,0,0,15,0,0,0,15,0,0,15,21,245,13,36,26,21,33,11,153,31,0,0,"-49,24215857470","-16,68475197680"
20,DS CENTRAL,0,0,2,0,0,0,0,0,0,23,0,61,120,0,0,25,0,3,170,192,29,0,0,0,0,0,0,0,3,15,0,0,0,58,14,25,20,0,23,0,0,0,0,0,2,32,0,0,0,0,8,46,22,99,17,33,10,3,5,33,3,29,"-49,23669265690","-16,68418310080"
21,DS CENTRAL,0,19,0,0,0,257,0,353,66,11,0,127,133,225,33,27,3,63,0,138,0,0,0,19,19,0,14,49,9,0,0,0,12,0,21,32,19,0,28,35,41,39,0,48,0,0,7,0,0,19,0,0,0,0,0,0,0,47,0,0,0,9,"-49,30261107870","-16,65728578410"
22,DS CENTRAL,0,12,79,192,69,149,11,214,0,0,0,0,0,0,5,0,0,0,0,0,0,0,0,3,0,0,27,23,58,15,0,9,2,5,0,20,0,16,27,20,14,24,0,72,22,0,0,0,0,31,21,15,0,51,35,0,44,46,80,62,187,24,"-49,29509504170","-16,65371834100"
23,DS CENTRAL,20,31,0,15,0,48,0,303,171,0,102,0,0,7,3,0,0,35,0,0,0,0,0,0,0,0,0,0,0,0,0,0,0,0,0,5,0,45,0,54,27,0,30,57,174,34,33,0,0,18,0,203,0,48,0,19,22,32,100,26,33,11,"-49,29256549180","-16,65661413500"
24,DS CENTRAL,0,0,0,0,0,0,15,0,0,0,0,0,0,0,0,0,0,0,0,0,0,0,0,0,0,0,5,0,0,0,0,0,0,0,0,3,0,0,0,6,0,28,0,3,41,0,0,0,0,0,0,0,0,0,0,0,2,52,0,12,0,5,"-49,28581258410","-16,65635345790"
25,DS CENTRAL,0,24,152,1,0,24,0,107,203,47,382,176,47,0,26,131,199,36,303,325,16,0,22,13,16,0,63,8,0,5,8,23,25,31,15,117,26,1,0,16,17,0,15,0,31,0,9,9,10,13,7,11,0,182,5,53,20,45,2,52,0,0,"-49,28665580500","-16,66677228570"
26,DS CENTRAL,5,7,0,145,74,0,0,115,127,199,8,206,259,288,491,136,270,0,128,290,11,0,108,28,129,0,25,161,26,7,0,8,32,31,42,0,0,88,19,122,16,43,0,49,57,0,20,0,2,9,72,0,41,51,0,23,32,61,11,34,29,39,"-49,28053235240","-16,66112159950"
27,DS CENTRAL,2,0,0,0,0,106,92,84,121,74,134,74,15,175,259,83,0,1,0,92,0,0,37,9,0,0,0,76,0,0,13,0,0,8,0,0,0,25,0,19,63,0,47,34,56,36,47,33,0,29,0,0,29,0,7,0,0,48,44,14,1,9,"-49,27927580410","-16,66556433740"
28,DS CENTRAL,77,34,66,0,0,47,43,13,327,398,103,119,0,12,13,0,0,0,86,100,11,15,0,0,0,0,6,2,6,0,0,0,37,0,0,0,58,0,0,1,0,12,18,0,86,12,2,54,0,6,41,94,17,3,0,8,19,59,90,12,4,37,"-49,26940026310","-16,65985249600"
29,DS CENTRAL,4,93,67,0,78,85,19,387,82,195,0,0,351,0,0,0,246,75,28,0,63,0,0,0,0,0,0,0,31,49,41,109,15,107,68,169,0,132,389,86,12,16,17,118,164,10,96,62,115,24,11,72,187,119,54,126,131,154,98,87,262,36,"-49,27255674940","-16,63322339100"
30,DS CENTRAL,0,0,0,0,0,0,27,0,94,241,0,57,15,35,6,0,0,0,14,0,23,0,19,8,0,0,165,96,76,27,0,56,0,0,0,0,4,0,0,28,45,0,13,29,8,28,27,35,42,10,30,41,0,0,0,0,0,17,0,0,5,0,"-49,25283924190","-16,65023776380"
32,DS CENTRAL,0,3,9,71,81,11,0,102,18,205,0,359,221,0,0,255,138,182,335,63,13,18,0,0,0,0,50,0,24,0,12,69,6,21,1,37,99,41,87,24,51,48,55,80,0,12,44,36,0,51,146,19,24,64,53,0,14,41,0,7,52,0,"-49,28813203490","-16,67734779000"
33,DS CENTRAL,97,174,3,36,3,92,73,332,118,171,44,357,6,47,18,158,53,31,141,155,42,0,81,0,0,4,0,4,20,0,0,17,57,39,11,232,36,96,181,37,93,52,17,9,16,38,0,31,0,0,0,118,52,17,0,0,0,0,7,0,32,54,"-49,28167780810","-16,68163723180"
34,DS CENTRAL,7,0,91,0,0,2,0,0,0,155,296,335,250,147,0,0,198,59,0,0,59,0,0,0,4,0,9,93,19,54,56,79,65,51,22,0,185,44,14,13,85,69,29,174,118,29,0,12,0,55,77,66,54,0,25,24,0,58,113,0,34,0,"-49,29623559970","-16,67137282730"
35,DS CENTRAL,0,0,0,152,0,0,47,206,71,47,0,203,107,0,110,29,74,0,0,181,3,68,42,0,0,0,0,0,0,31,29,33,171,136,72,94,181,67,156,217,79,11,66,128,23,24,18,60,56,28,64,192,23,18,29,19,32,50,119,63,73,0,"-49,28775372370","-16,66884127790"
36,DS CENTRAL,0,12,245,24,163,211,113,111,152,170,52,238,512,466,849,348,227,168,89,24,36,42,78,0,22,11,12,15,47,63,67,34,34,77,58,451,266,50,89,256,144,18,11,93,88,13,131,83,86,34,56,40,47,183,11,14,0,33,92,55,0,39,"-49,27738667510","-16,67447346250"
37,DS CENTRAL,10,7,0,35,132,213,0,129,14,66,21,0,0,0,14,184,14,0,37,36,35,0,7,0,5,0,106,9,31,69,14,53,151,130,69,183,145,63,88,167,43,0,43,114,20,5,21,14,71,26,148,12,28,117,13,25,9,0,260,9,23,44,"-49,27858691040","-16,67056674160"
38,DS CENTRAL,0,137,231,248,54,161,82,364,423,233,119,344,35,6,28,33,143,13,34,35,0,83,24,0,56,86,38,0,33,47,0,81,30,30,32,97,0,77,112,48,42,21,0,162,28,71,37,31,84,16,94,74,85,82,0,0,68,54,28,35,53,4,"-49,26454036710","-16,67144395590"
39,DS CENTRAL,27,134,52,0,0,251,13,17,36,60,0,0,2,0,0,0,0,43,0,0,0,129,0,34,33,0,16,0,75,25,0,0,29,55,0,122,61,53,52,179,40,0,0,365,309,17,207,189,282,87,298,158,70,158,78,57,84,22,56,18,78,34,"-49,25909194370","-16,66929000680"
40,DS CENTRAL,39,0,78,0,0,75,16,45,0,42,75,301,8,0,44,0,0,0,0,0,0,17,0,27,49,8,30,0,34,0,8,2,0,14,3,0,42,16,109,106,36,9,20,219,41,7,119,73,0,66,101,29,0,8,9,0,23,3,89,63,21,0,"-49,25178984190","-16,67558768620"
41,DS CENTRAL,0,0,0,143,0,0,0,0,146,227,163,164,9,10,0,93,106,0,0,137,0,48,9,0,37,151,40,106,63,66,42,14,8,0,25,0,33,36,0,95,28,0,16,36,104,0,27,20,0,0,52,0,16,1,18,0,18,35,0,0,41,0,"-49,25074893780","-16,67625449870"
42,DS CENTRAL,0,0,0,152,0,0,4,0,0,0,0,77,0,0,0,0,0,0,19,0,5,0,0,0,0,0,38,0,55,14,0,0,0,0,0,2,0,28,115,2,0,0,0,0,23,61,10,0,74,21,50,51,18,18,0,5,43,31,21,0,0,25,"-49,28813203490","-16,67734779000"
43,DS CENTRAL,0,0,0,0,0,0,0,0,32,0,0,0,0,50,310,0,0,0,0,0,0,0,22,0,0,0,0,0,0,10,0,0,0,19,0,0,0,14,0,0,0,0,0,12,0,6,18,0,0,14,48,57,0,6,0,2,0,0,46,0,0,0,"-49,28167780810","-16,68163723180"
44,DS LESTE,0,0,0,0,4,18,10,240,51,14,45,39,19,0,45,17,0,0,0,0,29,0,0,87,0,16,40,0,0,39,130,198,109,163,248,246,49,29,125,165,72,35,0,25,14,32,4,13,0,22,14,117,212,25,26,7,10,11,6,25,5,31,"-49,21249599270","-16,68855083330"
45,DS LESTE,170,0,35,167,0,35,0,7,387,0,0,0,34,26,0,2,5,1,0,0,64,4,0,90,101,21,5,162,276,129,123,85,41,124,48,65,21,20,229,33,57,24,33,17,98,186,102,165,7,5,0,0,6,0,17,14,43,0,18,0,9,0,"-49,24049000760","-16,72933940070"
46,DS LESTE,0,0,0,0,0,0,0,0,0,5,0,0,0,0,0,0,0,1,0,0,30,0,41,0,0,0,0,0,0,0,0,0,0,41,9,0,0,0,1,67,0,0,0,0,0,0,0,13,0,0,29,4,1,0,0,2,11,0,0,0,18,0,"-49,23096290670","-16,73414062670"
47,DS LESTE,16,0,0,0,2,49,26,0,14,0,118,11,0,37,0,0,0,0,0,0,110,0,0,0,16,0,0,0,8,47,0,66,112,36,0,49,17,101,74,45,42,59,0,28,17,32,29,24,14,0,11,36,46,32,30,20,0,18,14,21,12,0,"-49,22403594540","-16,73511526630"
48,DS LESTE,19,0,0,0,0,0,0,0,0,0,0,0,1,0,0,4,0,22,0,0,37,0,0,0,14,0,0,0,0,0,56,135,46,0,14,141,8,0,0,0,26,0,0,0,26,0,26,0,0,0,0,0,0,0,0,0,0,0,0,0,0,0,"-49,22259023270","-16,71726072300"
49,DS LESTE,0,0,0,0,0,8,4,44,0,0,0,0,0,0,1,0,0,0,0,67,0,0,0,0,0,0,0,0,36,32,7,36,28,0,8,25,0,22,13,1,7,31,0,23,0,0,0,0,0,0,0,1,12,0,0,7,0,0,0,0,0,0,"-49,21439192720","-16,73079331850"
50,DS LESTE,76,35,0,193,51,6,0,162,17,17,0,0,3,0,0,0,0,28,141,26,228,119,0,4,72,234,0,37,78,11,215,133,24,65,14,33,62,40,76,28,63,56,37,90,51,205,71,36,2,3,24,35,0,21,48,18,9,43,126,32,46,0,"-49,21494354300","-16,69632765460"
51,DS LESTE,0,0,0,0,0,0,0,0,0,0,4,0,0,0,0,0,0,0,0,9,72,215,0,0,0,0,34,22,62,6,71,123,6,101,42,7,20,11,34,0,8,12,3,34,19,11,36,0,0,16,25,0,0,11,24,24,0,0,0,0,0,0,"-49,19471316950","-16,73455017890"
52,DS LESTE,0,42,0,0,0,13,0,0,0,0,0,0,1,26,0,0,0,0,0,0,46,0,0,20,0,0,0,41,17,79,101,261,67,170,129,226,45,98,142,38,16,0,0,24,0,2,0,0,0,0,0,2,21,76,56,115,82,164,210,137,480,418,"-49,20216089370","-16,73747842360"
53,DS LESTE,0,0,0,0,0,0,0,0,0,0,0,0,0,0,4,0,0,0,0,0,0,0,0,0,0,0,0,0,0,0,0,0,0,26,0,0,0,0,0,0,0,0,0,0,4,0,0,0,7,17,0,0,102,0,39,0,35,87,39,39,0,0,"-49,20507099580","-16,74473423050"
54,DS LESTE,8,0,11,54,0,0,0,33,3,0,10,4,8,18,0,33,0,0,69,0,173,0,182,71,112,19,91,134,49,96,33,0,22,38,0,87,0,67,178,196,398,52,22,212,129,184,69,149,113,27,60,187,259,223,30,8,7,25,10,11,0,96,"-49,19721260520","-16,74561900240"
55,DS LESTE,0,0,0,0,0,0,0,0,0,0,0,0,1,0,5,145,0,36,0,239,153,0,4,20,63,51,10,16,0,0,20,0,0,0,9,0,0,32,47,15,4,0,0,0,0,23,0,0,35,52,0,112,44,0,0,0,0,0,0,0,116,35,"-49,17932637930","-16,73748245380"
56,DS LESTE,0,0,0,24,13,0,18,102,15,0,27,38,13,0,0,0,9,0,0,11,0,0,29,46,95,11,32,101,0,34,61,28,20,5,0,0,0,0,0,4,26,0,0,0,28,0,39,0,0,0,0,0,11,0,0,0,0,0,0,0,3,0,"-49,19265108130","-16,74191155630"
57,DS LESTE,16,0,0,0,0,5,0,0,0,0,0,1,0,9,0,0,38,41,40,167,434,0,0,25,73,0,10,3,47,178,49,110,0,0,17,40,6,43,10,37,0,0,0,0,0,0,0,7,23,0,0,4,0,0,0,22,9,0,0,0,2,0,"-49,17932637930","-16,73748245380"
58,DS LESTE,2,0,0,0,0,0,0,88,0,0,0,0,0,0,12,0,0,0,0,0,0,0,0,3,0,0,171,122,55,82,17,39,0,7,38,0,0,11,0,37,10,16,0,0,0,0,7,9,0,0,14,51,77,28,18,27,26,0,0,0,28,0,"-49,20500471540","-16,67502420840"
59,DS LESTE,0,71,0,0,0,0,0,0,69,8,88,80,0,14,0,169,0,1,121,0,95,84,0,0,61,18,109,75,39,0,0,0,0,28,0,7,45,28,32,92,0,14,0,36,19,26,0,16,10,26,15,4,21,11,0,17,22,11,32,0,13,7,"-49,21526119230","-16,70508562140"
60,DS LESTE,134,0,0,13,4,83,0,4,118,4,0,0,3,16,0,121,0,0,100,128,0,0,0,0,80,0,33,12,56,71,143,12,49,27,46,103,31,25,47,0,17,28,0,77,65,214,42,10,41,49,28,0,9,12,19,34,4,15,54,24,39,0,"-49,20915831930","-16,72794209800"
61,DS LESTE,5,0,6,0,0,0,0,5,137,0,0,0,5,0,27,0,0,0,11,0,0,0,0,0,0,6,0,0,41,26,137,0,0,0,5,0,11,18,52,0,46,0,0,0,0,0,0,0,0,36,30,33,8,43,0,11,0,6,11,8,37,0,"-49,21074834170","-16,72477468860"
62,DS LESTE,0,0,0,12,0,0,0,0,0,0,12,0,0,0,0,10,0,0,0,0,0,48,0,115,42,125,37,0,70,149,35,40,36,51,0,4,0,52,12,25,0,2,0,0,0,13,0,0,0,0,0,24,1,5,0,0,89,0,0,10,9,0,"-49,18124820750","-16,71873247150"
63,DS LESTE,0,0,0,0,0,0,0,0,9,0,0,0,0,0,0,0,0,0,0,0,0,0,0,0,6,0,0,0,0,0,0,0,45,12,30,0,3,14,60,29,14,0,6,32,5,0,16,0,0,2,4,0,9,0,37,12,0,0,0,31,0,5,"-49,18798354020","-16,71090550930"
64,DS LESTE,0,0,14,0,0,0,0,0,0,8,0,0,58,0,0,0,0,57,0,0,147,0,0,0,0,0,0,0,0,0,0,0,0,0,0,8,0,0,37,0,19,0,0,0,4,4,0,0,0,0,7,37,19,7,14,17,24,0,21,5,20,4,"-49,20476023850","-16,68640458660"
65,DS LESTE,0,0,0,0,381,12,0,0,12,0,0,3,0,5,2,0,62,0,0,156,0,0,0,246,247,28,0,0,0,38,32,30,195,59,121,91,69,52,48,94,74,48,14,32,11,0,68,89,4,18,22,62,13,17,47,26,0,42,0,0,0,0,"-49,20262879740","-16,68198948760"
66,DS LESTE,0,0,0,64,139,4,0,123,22,227,0,0,0,0,0,0,0,0,0,0,0,0,0,0,0,0,6,88,0,0,0,20,25,0,33,0,0,0,34,12,22,13,20,1,0,3,0,0,0,0,0,0,17,0,15,0,0,0,10,4,17,102,"-49,20099582560","-16,67763747260"
67,DS LESTE,15,28,0,0,91,139,60,136,227,331,4,62,7,141,16,0,33,6,0,7,0,0,13,0,0,19,0,0,0,10,24,0,16,47,23,0,76,31,14,100,101,0,29,30,64,61,23,8,0,0,8,43,0,0,8,0,3,0,0,0,18,7,"-49,22834382560","-16,68668131290"
68,DS LESTE,0,0,107,195,161,59,214,147,475,592,181,226,122,27,0,279,13,0,17,164,66,0,0,0,14,0,0,0,11,5,29,14,9,26,25,103,22,234,135,88,45,2,5,37,16,45,32,0,0,24,6,103,41,69,46,7,72,74,82,43,45,1,"-49,22538772870","-16,69613681880"
69,DS LESTE,0,18,0,0,0,0,0,119,0,0,0,1,0,0,88,0,0,0,0,0,0,0,9,31,0,0,27,0,6,0,0,0,0,0,0,0,0,0,0,0,17,0,0,67,0,0,0,0,0,0,0,0,0,0,0,0,0,0,18,0,0,0,"-49,21990246250","-16,67085611990"
70,DS LESTE,0,0,51,74,5,0,0,126,56,5,0,0,23,0,11,81,0,0,0,0,0,0,0,0,0,110,19,15,16,49,36,0,23,0,0,0,34,30,32,80,48,0,0,0,32,71,55,0,0,0,4,0,0,0,3,0,1,55,30,5,4,0,"-49,21334541970","-16,67367971690"
71,DS LESTE,0,0,0,0,13,0,0,77,17,21,0,0,0,0,0,0,0,0,0,222,8,0,0,0,0,0,0,0,0,0,39,0,0,13,0,6,0,52,35,0,0,26,0,46,17,7,6,62,28,68,113,0,60,0,5,18,2,36,41,61,48,0,"-49,22554054780","-16,69464397890"
72,DS LESTE,0,0,0,0,0,0,0,0,0,0,0,9,0,0,0,0,0,0,0,0,0,0,0,0,59,15,58,5,0,261,0,0,0,0,0,0,37,27,20,13,17,35,0,83,41,0,33,30,0,0,55,0,0,0,0,17,4,41,23,16,339,0,"-49,20596524560","-16,68546963580"
73,DS LESTE,0,12,0,48,1,28,0,0,0,0,15,0,38,94,0,0,29,0,0,0,0,0,0,0,28,152,37,24,0,30,7,5,0,0,0,63,0,33,46,1,51,21,0,0,49,37,19,33,7,0,1,31,37,0,2,24,0,28,37,61,36,10,"-49,21250100970","-16,66766752910"
74,DS LESTE,0,0,0,0,0,0,0,0,0,0,0,0,0,0,0,0,0,0,0,0,0,0,0,0,0,0,0,0,0,0,0,0,0,0,12,0,0,34,30,0,0,0,0,1,32,0,0,0,0,0,0,0,5,0,3,20,10,0,22,8,0,0,"-49,19600080970","-16,66042378130"
75,DS LESTE,0,0,0,1,0,0,0,75,37,0,0,0,0,123,0,14,0,0,0,0,0,0,0,6,0,0,9,0,0,0,0,0,0,0,0,0,0,0,0,0,0,8,0,0,25,0,0,0,0,0,0,0,0,0,0,0,10,0,56,10,45,21,"-49,18987214850","-16,65957021200"
76,DS LESTE,0,0,0,249,22,23,0,0,200,42,0,0,0,0,256,177,1,0,0,0,0,0,0,9,0,0,0,0,0,20,0,0,0,0,0,0,0,22,72,3,32,0,0,0,0,62,72,17,0,0,11,0,28,22,24,49,32,23,31,0,0,0,"-49,18290403770","-16,67036991660"
77,DS LESTE,0,0,0,0,0,0,0,8,452,224,142,0,28,193,0,0,0,0,0,0,0,0,8,10,0,0,0,0,0,0,0,0,0,0,0,0,0,0,0,0,0,0,0,11,0,0,0,0,0,0,0,0,0,0,0,0,0,0,0,40,26,0,"-49,18112135060","-16,65859298800"
78,DS LESTE,0,0,0,0,0,1,0,234,0,0,0,0,0,0,0,0,0,0,0,0,0,0,0,0,0,0,0,0,0,0,0,0,0,0,0,0,0,3,0,0,0,0,0,0,0,0,0,0,0,0,0,0,0,0,0,0,0,0,0,0,0,0,"-49,19082310370","-16,66404729570"
79,DS LESTE,0,0,0,27,0,0,108,0,0,0,0,0,0,0,0,0,0,0,0,0,0,0,0,0,0,0,0,24,0,0,0,0,7,29,0,0,25,0,0,28,13,3,0,0,0,0,87,20,0,0,11,0,3,0,0,14,0,73,33,0,0,7,"-49,17808438540","-16,64222888920"
80,DS LESTE,49,44,28,0,3,0,19,208,0,0,0,0,0,0,0,0,0,0,0,0,0,0,0,0,6,0,0,0,0,0,0,0,0,0,0,0,0,0,0,0,0,0,0,28,48,0,0,0,0,0,0,0,0,0,0,59,11,38,47,19,54,37,"-49,18622615220","-16,64499732620"
81,DS LESTE,0,1,0,0,0,0,0,0,61,1,19,0,4,0,0,0,0,0,0,0,0,0,0,3,28,0,0,0,38,268,13,28,0,0,0,0,2,10,10,0,14,5,0,0,0,24,0,0,4,12,0,0,0,0,0,0,0,0,0,0,2,0,"-49,19189004290","-16,65841025770"
82,DS LESTE,57,0,0,0,0,0,0,0,2,0,0,0,0,0,40,3,2,0,0,0,0,0,0,0,26,0,0,0,0,11,44,0,20,0,36,8,0,14,30,4,11,13,6,6,16,10,34,49,85,0,4,0,16,0,7,0,0,0,29,0,0,0,"-49,20073043070","-16,65217858110"
83,DS LESTE,131,65,87,345,16,43,115,26,96,0,1,0,0,0,148,0,0,0,0,0,0,0,0,0,0,0,56,0,0,0,0,0,0,5,0,0,0,37,136,0,0,0,0,0,0,0,0,0,0,0,0,0,1,0,0,0,0,0,0,0,0,0,"-49,19735470320","-16,65140681590"
84,DS LESTE,0,0,0,0,0,0,52,24,42,22,0,0,0,0,1,158,0,0,0,0,0,0,0,0,63,0,0,8,57,48,0,18,0,32,15,0,0,0,0,35,0,0,0,36,0,35,0,0,0,0,0,0,0,39,10,0,7,21,3,56,55,0,"-49,20052898490","-16,65023552270"
85,DS LESTE,20,51,82,0,0,0,13,47,101,37,0,0,0,0,0,33,0,0,0,0,0,0,0,57,0,0,0,0,0,27,11,35,25,60,22,3,13,21,0,29,19,34,10,0,0,8,0,0,0,0,11,0,4,3,0,0,0,0,0,39,26,0,"-49,22758490510","-16,72628356430"
86,DS LESTE,1,0,0,33,94,0,0,31,180,78,49,17,0,0,8,149,0,0,0,16,12,0,0,0,49,0,0,0,0,0,0,1,0,0,23,52,62,29,71,6,28,77,0,27,14,66,35,7,0,35,5,0,5,26,25,0,88,52,0,58,9,20,"-49,20281048060","-16,62705572950"
87,DS SUL,0,0,0,0,0,0,0,0,0,0,0,177,0,0,192,0,0,0,34,0,0,0,0,0,25,0,0,0,0,0,0,8,0,31,0,0,9,0,14,117,0,35,0,0,0,85,108,0,0,8,0,0,0,0,183,7,0,0,0,0,0,46,"-49,24368865600","-16,70035032500"
88,DS SUL,0,0,1,0,1,3,0,0,73,0,0,25,0,0,0,12,69,0,0,0,0,0,0,0,74,0,159,0,33,40,98,45,312,68,139,95,102,229,156,197,42,37,41,203,28,101,350,49,0,89,39,80,117,86,148,103,15,25,0,12,78,18,"-49,24325027260","-16,68853953250"
89,DS SUL,326,307,528,329,268,171,43,358,231,198,102,0,6,0,0,0,0,0,6,5,0,0,0,0,3,6,0,0,0,50,22,0,0,26,0,0,93,16,1,257,87,0,114,382,269,163,278,126,327,147,604,97,398,71,346,86,177,104,144,71,14,104,"-49,24318071290","-16,68810764060"
90,DS SUL,0,0,27,0,114,227,0,418,203,202,224,233,33,0,163,129,0,0,0,0,0,9,108,365,77,4,101,71,0,2,37,173,261,475,151,22,344,268,667,259,148,63,53,468,175,68,100,59,122,0,267,41,95,58,266,169,74,41,53,94,63,138,"-49,24237808100","-16,71082943980"
91,DS SUL,23,41,61,43,0,0,0,33,0,0,0,94,18,184,0,144,7,143,0,0,0,94,89,75,56,64,74,0,129,93,68,0,0,41,28,25,0,71,208,64,66,40,69,116,142,0,0,43,44,0,43,23,73,16,87,78,44,20,26,0,20,51,"-49,24217994790","-16,72667948910"
92,DS SUL,0,16,32,2,1,223,377,356,224,0,0,19,251,30,275,0,13,0,0,0,0,0,0,71,0,29,165,0,0,47,72,0,301,16,130,0,114,74,314,379,179,77,47,235,40,95,228,27,37,1,123,72,225,123,410,0,0,0,22,0,83,0,"-49,25176396220","-16,72881876590"
93,DS SUL,38,53,12,0,0,0,0,70,4,0,0,0,0,0,0,0,0,0,0,0,0,0,0,0,44,0,0,161,86,52,0,0,50,0,0,0,0,6,0,55,0,0,0,103,31,67,0,0,0,65,636,0,0,0,0,71,0,0,49,62,81,26,"-49,25148840400","-16,71492899410"
94,DS SUL,0,0,0,0,0,170,0,61,0,10,81,141,198,0,0,113,0,0,67,7,0,0,0,0,0,0,0,124,8,0,324,72,518,40,56,169,528,397,36,415,38,133,96,107,68,72,177,0,323,0,99,161,471,121,329,40,0,0,0,8,38,4,"-49,25457806360","-16,71905269220"
95,DS SUL,0,0,0,0,0,0,12,0,0,116,0,0,0,0,0,0,14,0,60,0,0,0,0,46,206,0,64,166,43,61,347,278,179,123,48,79,239,473,284,39,141,88,72,237,52,143,195,4,35,19,0,89,4,68,44,0,28,99,50,47,52,91,"-49,24936449510","-16,71672523860"
96,DS SUL,0,0,0,0,0,0,0,79,0,0,0,106,398,14,0,0,285,246,50,0,72,19,0,7,17,0,0,0,6,87,53,0,0,39,28,58,38,397,90,107,16,47,18,73,89,23,0,0,0,0,19,0,0,11,8,34,27,32,21,0,0,0,"-49,25556225190","-16,70920831630"
97,DS SUL,0,43,19,0,27,108,118,4,101,0,0,35,0,72,89,134,199,63,0,0,0,0,7,32,47,26,23,0,59,0,25,21,27,0,4,288,91,0,54,62,3,0,0,0,463,59,58,0,0,0,0,0,11,30,145,0,0,59,47,0,0,0,"-49,27974450560","-16,73636888570"
98,DS SUL,16,157,5,0,69,360,0,493,318,24,45,70,0,219,64,151,107,0,0,0,0,0,58,0,17,35,0,0,0,86,36,0,0,39,67,0,14,58,23,340,0,0,0,0,42,0,0,0,0,0,347,0,0,0,106,7,10,0,62,0,4,16,"-49,29116869210","-16,70872162730"
99,DS SUL,0,152,176,0,0,0,0,0,0,137,82,88,0,2,339,195,0,142,163,0,0,257,96,63,34,0,0,8,15,13,67,47,64,18,46,59,126,33,388,91,132,86,0,52,61,0,121,17,1,33,0,69,221,52,355,4,16,0,16,0,5,45,"-49,28838344710","-16,68675990530"
100,DS SUL,122,111,77,195,432,184,295,19,24,0,5,205,0,4,0,0,0,0,16,329,0,0,0,0,0,171,0,0,24,0,33,0,29,27,28,163,155,298,398,1,5,0,31,297,233,61,69,23,11,22,0,0,129,0,0,0,12,21,33,0,0,0,"-49,27707776680","-16,69581751500"
101,DS SUL,11,53,0,96,135,105,14,122,271,147,206,132,0,84,231,58,0,96,0,0,32,0,1,0,33,0,267,100,15,39,57,0,128,77,50,0,0,32,0,50,0,0,0,15,88,0,0,0,0,0,89,0,41,8,2,0,0,0,0,0,0,0,"-49,27202990700","-16,69586301260"
102,DS SUL,15,82,0,135,78,39,0,54,12,114,16,18,19,0,16,0,0,36,0,0,0,0,0,0,47,6,0,66,168,51,0,0,50,47,34,51,151,10,5,89,27,12,0,10,13,17,0,25,46,68,35,32,191,24,0,0,0,0,0,0,0,0,"-49,25502596280","-16,70097138080"
103,DS SUL,0,75,0,111,31,166,63,117,0,15,0,0,188,34,0,106,0,14,9,15,0,0,54,182,252,12,0,14,0,139,72,18,0,56,61,102,0,78,81,0,0,10,0,12,0,34,0,29,40,0,0,15,1,5,22,0,26,16,29,6,82,9,"-49,26228802230","-16,69385319470"
104,DS SUL,0,0,0,0,12,3,0,0,50,0,79,0,4,0,21,0,0,0,0,0,0,0,0,0,0,0,0,95,0,6,0,59,0,0,0,0,0,0,0,0,0,0,0,0,27,0,0,0,0,0,47,0,0,0,0,0,0,0,5,0,0,0,"-49,26525844180","-16,70612146940"
105,DS SUL,0,0,0,0,0,124,4,0,0,0,5,18,21,0,0,16,0,0,0,11,0,0,0,31,0,11,1,0,0,0,0,0,0,9,15,0,0,0,0,197,12,0,33,20,0,12,0,0,1,0,16,0,0,0,8,54,64,235,136,51,33,115,"-49,26413132130","-16,71715204450"
106,DS SUL,94,0,0,50,158,74,0,277,0,69,124,287,92,187,0,0,59,0,2,131,0,0,0,79,0,39,91,0,0,27,146,38,72,137,27,172,50,100,380,7,0,0,0,0,0,123,85,24,0,0,0,0,277,69,150,31,72,5,47,0,0,4,"-49,26317108020","-16,71986852430"
107,DS SUL,0,0,0,0,1,0,0,65,50,304,217,98,33,146,0,68,0,0,0,0,0,92,0,0,69,88,0,0,0,32,0,45,33,56,18,19,64,31,157,28,20,5,0,78,172,0,47,0,0,0,0,0,65,11,0,152,41,57,77,129,241,139,"-49,27596326240","-16,68809266710"
108,DS SUL,0,0,0,0,0,0,0,38,0,0,85,52,63,0,0,0,25,0,0,0,0,0,0,18,5,0,16,0,67,56,21,0,0,0,0,0,0,0,0,23,0,8,0,47,0,0,0,0,0,0,0,0,0,0,13,46,49,8,1,4,0,0,"-49,27136159770","-16,68074460080"
109,DS SUL,20,0,0,0,0,0,0,0,2,0,0,0,103,0,9,0,0,0,13,0,15,0,0,0,70,0,0,0,0,0,0,0,160,128,28,0,0,43,16,0,6,0,0,1,80,0,0,0,0,0,8,0,0,0,1,0,19,0,36,13,0,18,"-49,26598261240","-16,67742730160"
110,DS SUL,0,0,15,47,123,0,9,0,2,0,0,37,63,0,0,0,0,0,0,129,0,0,97,0,0,19,0,43,0,0,58,0,10,117,14,0,21,0,0,52,0,0,0,23,22,0,5,0,0,0,0,0,0,0,0,0,0,298,124,40,84,87,"-49,25083709870","-16,67931429610"
111,DS SUL,0,0,13,0,0,47,32,0,30,0,0,0,95,13,3,0,46,294,0,0,0,0,0,148,87,0,31,0,41,0,0,7,115,50,0,0,0,0,0,6,0,0,0,0,197,13,41,0,257,0,0,0,49,1,0,9,0,6,0,0,0,0,"-49,25164684730","-16,70629070350"
112,DS SUL,3,0,0,0,56,4,0,0,1,0,100,0,0,0,0,0,0,0,0,345,0,0,0,76,75,0,3,0,14,0,26,12,93,79,0,40,31,0,0,101,0,28,0,0,38,0,0,0,10,0,102,0,0,20,0,0,26,0,0,0,0,0,"-49,25609267300","-16,69537167320"
113,DS SUL,98,109,115,0,26,122,205,43,235,327,0,97,338,79,13,306,0,0,54,0,28,0,0,12,196,164,118,172,159,39,170,93,117,114,58,56,186,0,148,36,112,0,0,184,153,41,85,42,19,2,22,1,210,0,293,63,65,0,0,26,5,26,"-49,28482047860","-16,70186161420"
114,DS SUL,0,35,97,46,0,52,107,180,269,216,165,142,59,0,0,0,0,0,0,104,0,109,28,36,38,0,0,18,0,0,7,0,20,68,0,49,61,39,35,132,57,0,0,0,0,12,78,0,22,0,0,0,89,31,9,0,0,69,59,27,66,6,"-49,27831015510","-16,71051431490"
115,DS SUL,0,37,0,0,0,0,0,42,0,0,0,39,235,9,133,6,248,187,257,0,218,112,69,73,211,167,50,119,171,171,61,19,85,158,35,38,164,47,84,31,10,0,0,94,9,66,59,43,104,32,0,76,57,44,146,136,25,66,0,0,2,4,"-49,28134370440","-16,71309572810"
116,DS SUL,0,0,1,0,0,100,0,137,73,0,15,183,193,134,146,0,96,198,16,0,0,0,0,0,85,106,49,0,0,0,20,0,0,0,36,0,0,22,0,10,19,72,0,87,0,52,105,27,4,0,0,0,71,14,24,3,122,0,0,0,26,0,"-49,29304701440","-16,71237258230"
117,DS SUL,0,21,4,0,0,0,0,22,64,0,0,48,0,109,0,13,34,0,0,101,0,19,52,0,5,29,244,58,12,64,30,62,0,88,22,48,10,0,1,0,31,26,0,51,24,0,7,0,0,0,0,0,0,13,27,0,71,0,0,0,0,0,"-49,29110563870","-16,72198884420"
118,DS SUL,0,0,0,0,0,0,0,0,21,57,136,4,0,0,0,0,0,58,0,0,0,0,0,0,31,0,0,0,0,20,23,41,0,0,17,0,2,0,26,0,0,0,0,0,27,0,0,0,0,31,0,0,0,0,0,0,0,12,0,0,8,0,"-49,28102463540","-16,71715057780"
119,DS SUL,0,0,0,0,0,0,0,0,0,0,0,46,27,0,9,0,0,0,25,0,24,126,0,0,58,10,55,0,0,24,49,17,89,35,18,17,23,43,48,0,27,4,0,93,19,0,84,31,11,19,137,42,0,0,2,0,6,2,18,0,0,0,"-49,27993495070","-16,71576808180"
120,DS SUL,6,0,10,0,0,0,0,0,88,0,0,0,0,0,0,0,0,0,0,20,0,0,19,15,0,0,10,148,0,0,68,15,44,48,53,0,84,49,40,0,36,136,0,0,31,0,55,0,156,0,0,0,132,16,37,27,0,46,25,8,32,10,"-49,27609886950","-16,71619319730"
121,DS SUL,0,0,0,20,0,0,0,261,245,0,6,199,125,0,0,0,0,0,0,0,0,0,0,0,0,0,0,35,120,7,87,80,126,15,19,40,60,32,53,0,79,27,0,0,5,0,0,0,99,0,0,0,0,0,0,22,0,25,40,33,0,0,"-49,27465771190","-16,72256101390"
122,DS SUL,0,0,0,0,0,201,0,0,11,0,8,121,195,0,0,0,78,0,27,0,0,0,0,68,20,0,0,0,15,25,0,0,27,51,0,0,0,0,0,77,0,0,0,42,43,0,16,0,0,0,0,0,1,0,0,14,0,0,0,0,0,0,"-49,27506134220","-16,72691122100"
123,DS SUL,0,0,0,0,0,25,147,0,55,122,0,0,0,11,5,17,0,102,0,32,0,0,67,12,18,0,66,66,25,55,19,36,0,51,65,72,47,63,41,51,63,51,22,253,101,138,142,20,44,72,167,0,122,94,6,70,68,0,33,0,0,0,"-49,26575578870","-16,73098419720"
124,DS SUL,0,0,0,0,0,52,0,0,0,0,0,0,0,0,0,0,0,0,0,0,0,0,0,0,193,0,0,0,37,31,0,0,0,0,0,0,55,0,157,0,0,0,63,405,26,0,44,0,87,58,2,0,125,56,0,61,0,7,19,33,44,0,"-49,28542645100","-16,73073422250"
125,DS SUL,0,0,0,51,66,112,342,0,0,11,0,0,149,4,263,0,0,0,0,0,0,0,0,0,0,0,0,0,29,0,0,0,25,9,0,0,0,0,0,0,0,0,0,22,0,0,0,0,0,0,0,0,0,0,0,0,0,0,8,7,0,0,"-49,27483778750","-16,73551515830"
126,DS SUL,0,22,11,0,34,96,112,247,137,0,103,0,491,0,159,0,0,0,70,53,59,0,0,0,0,0,0,0,13,46,71,16,39,0,30,0,330,0,31,0,0,0,0,0,10,2,0,0,0,11,0,37,0,0,9,0,26,0,0,0,0,0,"-49,27360458470","-16,73273465670"
127,DS SUL,0,0,0,0,0,0,85,0,0,0,0,0,0,0,0,132,0,156,0,0,0,0,178,148,0,0,26,231,298,249,75,79,77,89,37,158,262,226,256,375,73,0,52,328,34,0,0,28,0,63,96,0,134,0,0,0,0,33,89,83,131,111,"-49,24198792940","-16,71695079220"
128,DS SUL,0,0,0,185,0,17,28,0,0,0,0,0,0,0,0,95,2,0,0,0,0,0,0,14,0,14,0,0,0,81,18,63,15,0,15,56,52,54,41,0,18,0,10,47,40,0,106,0,0,0,0,0,58,14,91,88,59,0,0,0,0,15,"-49,26012665610","-16,72774326360"
129,DS SUL,0,0,0,0,0,0,0,0,0,0,0,0,0,0,0,0,0,0,0,0,0,0,0,0,0,0,0,0,0,0,5,0,0,0,0,0,0,0,0,1,0,0,0,24,0,0,28,0,0,0,0,0,0,0,0,0,11,15,39,19,59,123,"-49,25009302980","-16,69658252750"
130,DS SUDOESTE,0,23,0,138,0,0,0,0,134,0,0,0,45,52,0,0,105,0,0,0,0,0,0,0,0,0,0,0,20,0,0,0,0,0,0,0,0,43,130,0,9,0,0,10,0,5,7,10,23,0,11,0,0,0,0,0,0,22,47,0,0,22,"-49,36154352730","-16,73412198310"
131,DS SUDOESTE,0,54,0,0,82,0,54,0,11,12,0,0,0,0,3,21,0,0,0,0,0,0,0,2,0,0,0,3,0,0,51,49,0,0,0,0,0,19,37,0,14,0,0,0,0,0,6,25,0,19,3,0,0,0,0,7,0,31,44,0,0,0,"-49,36231332530","-16,72725831710"
132,DS SUDOESTE,0,59,1,0,9,0,0,223,0,0,0,0,0,10,0,0,0,0,0,0,83,117,0,0,0,0,0,0,0,0,16,16,0,0,0,0,0,16,10,0,7,0,0,0,0,0,11,0,15,13,57,0,0,0,0,0,0,18,10,0,0,0,"-49,36903930410","-16,73395628210"
133,DS SUDOESTE,0,8,12,46,19,0,159,270,0,0,0,0,118,0,0,0,0,0,0,0,57,119,9,5,41,0,0,0,0,22,2,0,0,0,0,19,0,0,0,0,0,0,0,0,0,0,49,0,0,0,7,0,16,0,0,0,0,0,19,0,0,14,"-49,37144789100","-16,73898864640"
134,DS SUDOESTE,0,19,32,269,29,0,0,104,0,0,0,0,0,0,0,0,0,0,63,0,136,105,15,25,36,8,0,0,0,13,0,0,7,0,0,0,31,0,0,0,0,0,0,0,0,0,48,0,0,14,11,0,0,0,0,10,0,2,0,7,0,0,"-49,36619020600","-16,74751634150"
135,DS SUDOESTE,0,0,24,80,59,64,0,0,0,0,0,0,0,0,0,0,0,0,0,0,14,0,0,0,73,164,0,42,49,0,5,0,12,0,0,0,0,0,0,4,27,0,0,0,0,0,0,0,0,0,0,0,0,0,0,0,0,0,0,6,0,36,"-49,38455787590","-16,74864412490"
136,DS SUDOESTE,0,0,0,125,11,0,129,91,0,0,0,0,0,0,0,0,0,0,0,47,0,0,0,0,26,0,0,0,31,0,7,0,24,0,0,0,0,0,0,43,16,0,0,0,0,0,0,34,42,0,0,0,0,0,0,0,0,0,0,0,0,0,"-49,37587591360","-16,75103749160"
137,DS SUDOESTE,0,41,88,0,181,433,0,110,0,368,0,0,4,0,0,0,0,0,0,0,42,0,6,0,0,0,0,20,0,0,0,0,43,0,0,0,42,0,0,35,0,0,0,0,0,0,0,13,37,0,34,6,1,7,0,0,0,0,41,0,0,56,"-49,32489748850","-16,72587278910"
138,DS SUDOESTE,39,8,20,0,0,9,99,25,390,3,0,39,0,0,82,0,0,0,0,46,15,0,35,0,0,131,0,0,0,47,0,0,0,0,0,0,26,0,0,0,0,0,0,0,0,0,1,3,38,0,12,0,0,32,0,0,0,0,2,45,218,0,"-49,35379825180","-16,78099304230"
139,DS SUDOESTE,0,7,0,0,0,0,0,2,69,117,0,0,0,6,0,0,99,38,0,0,0,0,0,11,0,0,0,0,0,21,0,0,0,0,0,0,18,0,0,0,0,0,0,0,0,0,1,0,21,0,5,0,4,16,0,0,0,1,27,0,142,0,"-49,37418957120","-16,79031472340"
140,DS SUDOESTE,0,165,248,5,105,0,0,0,17,0,18,2,10,0,0,0,0,0,0,0,0,0,12,10,0,0,0,1,19,0,0,0,0,0,0,1,14,0,0,0,0,1,113,0,0,138,0,15,46,0,0,0,0,0,0,0,0,0,0,0,0,0,"-49,36269753740","-16,78631109820"
141,DS SUDOESTE,0,0,0,56,0,0,0,0,62,0,0,95,0,0,0,0,0,11,85,0,32,0,0,266,5,13,1,69,0,0,0,48,0,25,0,159,172,0,12,0,68,9,1,203,0,0,50,84,0,0,0,0,1,0,0,0,23,0,103,0,0,0,"-49,35697651130","-16,78017360680"
142,DS SUDOESTE,18,4,119,57,31,0,207,0,28,235,181,106,27,0,266,0,0,0,174,0,0,0,4,1,0,0,0,0,0,12,0,0,139,0,93,0,20,33,4,68,12,0,21,0,0,0,302,0,89,37,0,1,7,46,98,0,0,13,25,0,0,0,"-49,35940078130","-16,76813243190"
143,DS SUDOESTE,14,1,82,0,0,0,0,230,0,61,0,0,0,0,0,6,96,0,0,0,0,12,15,0,18,171,0,0,0,0,0,0,0,0,0,77,138,0,6,0,0,0,0,109,0,0,75,124,0,0,0,0,186,0,130,0,46,0,25,0,282,24,"-49,36285567270","-16,76043080900"
144,DS SUDOESTE,0,142,0,0,86,0,0,0,0,0,0,0,0,199,0,0,0,0,0,0,229,103,0,0,53,0,0,85,23,0,49,73,144,179,1,0,0,0,103,17,53,38,0,0,4,8,184,0,28,0,0,0,0,0,0,0,0,0,0,0,0,0,"-49,35075589300","-16,75932037840"
145,DS SUDOESTE,0,0,4,0,39,0,100,0,0,0,0,74,88,0,146,0,0,0,0,0,0,0,0,157,0,0,36,0,27,59,0,0,268,0,0,0,0,56,0,25,0,0,0,0,15,0,0,0,36,48,2,0,1,0,3,7,42,0,15,10,2,0,"-49,35070644080","-16,75305767130"
146,DS SUDOESTE,110,51,0,0,168,120,8,75,0,0,0,0,0,0,0,0,0,0,0,0,0,0,171,44,0,0,0,0,0,0,0,0,0,0,0,0,0,0,0,0,0,0,0,0,0,10,0,0,0,0,0,69,42,9,50,5,50,1,49,161,0,1,"-49,31774303650","-16,72663980510"
147,DS SUDOESTE,0,0,71,0,201,85,70,67,335,112,40,0,0,0,219,258,0,0,0,296,62,0,13,0,15,31,131,226,153,141,248,33,161,150,72,122,161,66,135,227,421,189,168,287,138,113,432,144,78,58,110,9,261,28,131,52,128,78,152,94,123,96,"-49,30873266230","-16,74125871370"
148,DS SUDOESTE,0,0,0,0,0,241,0,0,0,0,0,161,12,25,374,113,17,0,59,169,0,0,19,0,81,104,35,10,18,20,70,0,60,26,58,171,102,256,17,60,21,0,35,105,0,8,51,48,0,0,38,0,109,79,0,0,0,0,0,0,0,1,"-49,32485860000","-16,73648557220"
149,DS SUDOESTE,66,0,0,0,111,305,121,187,18,17,18,0,0,0,0,178,0,0,168,0,0,0,15,9,3,0,0,0,17,0,0,33,0,0,0,0,0,10,1,0,0,0,14,56,0,0,3,0,0,1,0,119,17,0,0,0,0,3,0,0,0,25,"-49,31424293220","-16,74555815170"
150,DS SUDOESTE,17,0,21,126,8,0,60,0,11,0,0,0,0,13,3,0,2,0,0,0,302,0,11,374,62,0,0,21,101,0,0,0,0,0,15,0,0,1,246,67,0,0,32,0,60,10,62,8,0,22,5,0,0,29,14,10,0,0,156,0,0,0,"-49,32609376810","-16,74871621420"
151,DS SUDOESTE,64,0,0,0,19,0,0,66,2,272,0,0,0,19,22,262,96,260,0,99,24,25,195,33,137,0,77,0,0,0,18,40,126,38,16,36,16,0,0,0,0,0,0,1,0,0,0,0,0,0,0,0,0,29,6,0,0,0,0,48,0,0,"-49,28503266370","-16,73999745880"
31,DS CENTRAL,0,0,0,0,0,11,16,145,197,241,230,113,330,289,275,429,154,31,0,4,12,0,24,0,12,0,0,0,54,12,53,0,0,7,12,155,43,0,76,0,32,27,0,0,0,11,0,0,0,0,0,28,24,0,7,19,10,32,29,73,0,40,"0,00000000000","0,00000000000"
152,DS SUDOESTE,0,0,0,9,8,111,0,34,75,0,0,18,0,122,319,199,0,0,0,132,13,163,0,3,91,216,276,160,97,0,69,94,48,43,0,292,0,129,1,188,398,32,181,142,186,55,93,128,33,31,153,0,0,0,119,18,78,49,0,0,0,0,"-49,30254688700","-16,73197012140"
153,DS SUDOESTE,0,0,180,76,59,111,0,0,96,0,0,71,4,0,0,0,0,0,0,0,0,138,18,16,0,0,0,0,12,0,0,0,0,0,0,28,0,0,0,52,0,0,0,0,0,0,9,0,0,0,0,12,0,52,0,11,11,0,0,0,13,0,"-49,31773930590","-16,71591384010"
154,DS SUDOESTE,0,32,1,0,330,83,0,0,11,195,14,4,181,159,22,141,0,0,10,165,0,0,56,7,63,116,13,69,25,31,39,0,24,12,0,44,0,63,0,90,109,11,13,92,19,0,3,55,0,0,59,86,10,0,3,0,0,25,100,31,0,101,"-49,32530063300","-16,72259696530"
155,DS SUDOESTE,85,0,98,236,0,0,0,6,107,182,34,72,0,1,27,16,0,0,0,9,159,0,0,0,0,0,108,2,0,0,13,0,44,75,66,89,29,39,264,0,51,89,42,96,27,0,134,23,0,16,95,4,92,7,227,20,14,0,33,0,18,0,"-49,32668512480","-16,69703904040"
156,DS SUDOESTE,0,24,0,21,0,0,0,25,85,125,0,0,0,0,14,78,0,0,0,178,0,0,0,0,1,256,4,27,0,8,0,0,156,0,35,48,33,68,0,0,17,6,0,5,2,51,34,29,0,0,1,18,0,15,1,0,4,21,0,6,22,0,"-49,34039110830","-16,71765307530"
157,DS SUDOESTE,0,0,110,144,0,0,0,0,0,192,0,0,0,0,0,3,12,0,0,0,61,0,12,50,168,23,1,0,0,0,42,0,4,0,0,35,0,26,0,78,16,34,81,0,0,32,12,0,18,54,24,4,0,10,28,39,3,30,26,41,7,23,"-49,34650887940","-16,73046638770"
158,DS SUDOESTE,107,0,0,123,0,0,0,5,0,24,0,0,0,0,7,47,0,4,133,143,114,286,51,14,35,187,300,127,41,0,40,0,0,4,61,22,6,79,31,37,11,0,139,0,116,85,58,0,0,0,0,0,59,0,19,13,42,46,0,17,0,19,"-49,34986742520","-16,74368077190"
159,DS SUDOESTE,0,0,0,0,9,181,162,0,0,103,49,23,15,0,0,0,59,0,0,0,12,0,4,27,182,0,37,61,0,0,19,0,141,0,34,55,37,10,1,38,29,0,31,77,29,159,15,0,85,0,16,49,0,14,8,36,18,22,25,143,0,0,"-49,29456374700","-16,69119963350"
160,DS SUDOESTE,67,0,0,0,46,0,0,0,0,0,0,50,0,0,1,0,13,22,0,0,175,0,0,1,60,0,66,110,17,40,163,0,30,88,35,15,178,66,99,33,13,13,49,27,0,58,375,23,0,25,307,108,185,52,381,58,171,117,200,0,143,11,"-49,30546552680","-16,69210126990"
161,DS SUDOESTE,63,0,24,3,187,317,36,0,10,0,0,0,0,28,13,189,0,0,0,11,0,0,0,0,0,0,0,0,0,0,0,24,0,0,0,0,40,0,173,0,0,0,0,289,2,0,0,0,77,43,0,54,0,0,1,0,0,0,0,0,1,0,"-49,30546552680","-16,69210126990"
162,DS SUDOESTE,145,305,0,421,110,0,171,0,0,0,2,0,0,0,0,0,0,0,49,0,0,0,0,0,0,0,104,0,0,0,0,0,0,47,36,61,0,19,87,2,0,0,0,0,0,437,0,0,0,0,0,193,2,0,0,0,9,24,57,94,151,31,"-49,30904562730","-16,70022422720"
163,DS SUDOESTE,9,56,0,179,102,64,0,0,0,3,0,0,142,0,0,31,0,0,0,0,0,0,0,21,0,0,0,0,0,0,0,0,0,0,0,0,0,0,0,0,0,0,0,0,0,0,0,0,0,0,0,0,0,37,62,0,173,37,9,0,89,3,"-49,30303503300","-16,71206943100"
164,DS SUDOESTE,0,0,0,0,0,77,0,0,0,0,0,2,0,0,0,0,0,1,0,0,0,0,49,18,0,0,0,0,0,0,41,0,0,0,0,0,0,45,11,2,0,0,0,26,0,0,1,0,0,0,0,0,0,36,0,0,0,0,0,5,0,0,"-49,31140566990","-16,70838012820"
165,DS SUDOESTE,53,29,0,0,31,265,0,0,157,0,0,12,0,0,60,169,0,128,0,0,0,252,0,0,19,18,4,79,88,10,211,310,33,66,56,20,16,169,183,0,0,0,7,0,0,18,17,6,0,0,0,48,0,0,0,0,0,21,170,0,0,13,"-49,31140566990","-16,70838012820"
166,DS SUDOESTE,0,0,128,0,0,0,0,0,0,0,0,0,0,0,0,0,0,0,0,6,0,0,0,0,0,0,0,7,0,0,0,0,0,0,3,0,0,1,44,73,0,0,0,0,0,0,0,12,1,0,0,0,0,0,0,0,5,19,0,0,0,22,"-49,30922550670","-16,71989649440"
167,DS SUDOESTE,0,1,0,0,39,9,0,336,0,0,0,0,19,0,0,0,0,0,0,0,0,0,0,1,0,0,0,0,0,0,0,0,69,147,65,85,262,246,172,0,0,0,8,71,0,0,50,37,0,0,0,10,2,43,57,0,37,58,89,23,2,0,"-49,30971595200","-16,72307592370"
168,DS SUDOESTE,26,0,0,0,0,14,0,72,0,0,0,0,0,0,0,0,0,0,0,0,0,0,0,3,0,0,2,4,0,0,0,0,30,0,0,0,4,0,0,1,0,21,72,1,12,0,0,0,0,0,0,9,0,0,0,0,0,4,0,0,1,0,"-49,29987281280","-16,72383608400"
169,DS SUDOESTE,0,6,57,20,10,204,0,0,202,0,0,0,1,0,0,0,95,0,0,0,0,0,169,93,0,0,0,0,5,0,1,0,0,0,0,0,0,0,0,0,0,0,0,19,12,0,0,0,0,0,0,0,0,0,0,0,0,0,0,0,4,0,"-49,38350969580","-16,74340397000"
170,DS SUDOESTE,15,2,0,4,8,234,269,0,0,145,0,249,0,40,0,0,0,74,0,0,0,0,0,72,1,0,0,2,0,0,4,5,97,73,17,0,32,139,4,0,0,10,0,21,66,45,19,15,0,0,0,93,14,38,20,0,48,31,5,0,0,0,"-49,38350969580","-16,74340397000"
171,DS SUDOESTE,27,255,0,207,145,306,339,0,146,193,111,0,0,79,29,8,0,35,0,0,241,74,0,16,19,0,4,51,29,0,73,18,14,5,22,66,46,0,0,1,0,0,0,0,0,0,0,0,0,0,4,0,0,0,0,0,0,16,13,0,1,0,"-49,37160064210","-16,78249528040"
172,DS SUDOESTE,23,8,0,0,0,0,84,0,117,0,0,5,49,28,2,0,0,0,0,0,0,0,0,0,0,0,11,42,10,46,42,43,162,43,28,125,45,177,19,105,27,31,0,12,17,7,2,0,0,0,0,0,0,0,0,0,0,32,42,14,0,4,"-49,35036284900","-16,76012858100"
173,DS OESTE,0,291,248,64,0,0,0,0,0,0,0,0,30,0,146,0,0,34,0,181,0,0,21,0,0,8,0,21,0,0,12,0,0,0,7,0,0,43,0,0,35,25,0,22,0,2,2,135,0,48,0,0,16,0,0,52,3,163,0,0,16,0,"-49,33318547090","-16,66363791940"
174,DS OESTE,4,0,185,0,0,0,0,368,37,0,0,0,123,0,12,3,0,0,0,0,0,0,0,0,0,19,0,9,6,36,11,142,66,12,121,243,12,39,275,25,0,4,0,2,4,0,0,0,6,0,1,57,19,4,1,0,0,16,0,0,14,42,"-49,31844586190","-16,66671971680"
175,DS OESTE,19,178,0,0,0,42,0,3,83,0,0,0,66,0,0,139,0,0,0,0,0,0,0,19,0,0,0,20,27,0,0,33,19,0,0,0,0,7,40,24,0,0,0,16,10,1,0,70,10,0,21,34,0,0,0,12,0,0,0,0,0,8,"-49,31453420390","-16,65436332710"
176,DS OESTE,0,184,0,0,0,12,63,21,251,210,0,12,0,25,0,0,0,29,0,0,0,20,0,0,0,0,0,0,0,51,86,0,0,29,30,19,0,40,43,68,0,0,0,0,113,23,10,0,11,0,10,0,48,12,13,31,79,0,78,86,21,0,"-49,32157149760","-16,65966730540"
177,DS OESTE,0,0,0,0,0,0,13,0,0,0,0,0,0,0,0,0,0,0,0,0,0,0,0,0,0,46,28,0,0,0,62,0,0,0,0,10,0,0,0,0,2,0,0,0,26,34,93,0,0,0,0,0,0,0,51,0,76,0,24,0,0,0,"-49,32028535210","-16,65578771930"
178,DS OESTE,0,141,17,0,0,0,0,100,58,0,0,0,0,0,8,0,0,0,0,40,2,0,0,0,0,0,0,0,0,0,10,28,0,0,0,42,18,44,79,0,0,0,0,0,0,0,0,1,0,0,14,0,15,0,32,4,0,0,1,85,0,0,"-49,33389438540","-16,65511929870"
179,DS OESTE,1,166,264,0,109,0,0,0,0,36,0,0,0,0,0,0,0,56,0,0,157,0,0,0,0,3,0,0,0,0,0,7,58,0,15,0,7,16,26,0,33,0,0,0,22,0,0,0,0,0,0,22,14,0,19,0,0,41,7,0,0,0,"-49,33394791210","-16,65335461830"
180,DS OESTE,0,117,115,0,0,16,68,167,397,280,71,0,201,0,0,7,0,0,40,0,0,28,18,0,9,0,43,40,0,9,85,0,19,16,0,31,0,63,219,48,0,0,29,51,0,0,0,6,0,0,0,0,0,0,12,0,0,8,0,0,40,3,"-49,34321397740","-16,64781395580"
181,DS OESTE,4,221,21,0,0,0,127,0,137,113,39,142,0,0,0,0,0,0,0,3,0,0,0,0,0,0,0,37,0,3,0,0,0,0,0,0,0,0,0,44,0,0,0,78,9,0,0,19,0,2,84,0,0,29,2,4,0,0,0,0,43,60,"-49,34725506690","-16,64777240000"
182,DS OESTE,1,14,44,106,0,0,0,108,0,0,0,0,0,0,0,0,0,0,0,0,0,0,0,0,19,21,80,0,0,0,0,0,0,0,0,0,0,0,0,0,0,44,35,0,0,0,54,35,0,0,10,0,0,227,0,0,3,127,0,19,0,95,"-49,36007501150","-16,63114282700"
184,DS OESTE,53,0,0,21,0,46,3,67,224,0,0,0,55,0,0,0,0,0,0,0,0,0,0,0,0,0,0,0,0,0,0,0,66,0,0,0,0,14,0,0,0,0,0,0,0,0,21,0,105,0,0,0,0,24,0,0,0,14,0,162,0,0,"-49,37926325760","-16,60287705910"
185,DS OESTE,0,72,0,36,183,0,0,0,56,0,88,0,79,11,0,0,0,0,0,0,0,0,0,0,94,0,0,0,0,0,0,0,0,26,0,18,21,15,6,86,0,0,0,0,0,44,0,0,0,17,36,8,0,0,0,0,0,8,113,0,0,0,"-49,32347400680","-16,66838741530"
186,DS OESTE,0,0,0,0,0,0,0,12,51,0,295,0,136,0,0,0,0,0,0,0,0,0,0,0,0,0,0,0,0,0,0,0,11,0,9,0,0,42,0,0,0,5,0,3,15,9,19,0,0,0,0,0,0,0,5,27,0,1,0,0,77,0,"-49,34843685960","-16,66330411320"
187,DS OESTE,57,224,0,75,0,53,0,0,0,0,0,0,0,0,0,0,0,0,0,0,144,0,0,0,0,0,0,0,0,0,0,0,8,6,0,0,15,0,50,0,0,0,0,0,4,6,16,0,7,28,0,0,0,0,0,10,0,6,11,0,1,0,"-49,34085043500","-16,65423749860"
188,DS OESTE,3,0,0,0,0,7,94,0,0,0,0,74,0,41,0,64,70,0,0,0,10,0,16,229,55,9,0,0,0,0,0,0,9,7,0,0,0,26,22,0,0,63,0,10,0,58,17,11,0,2,22,14,0,18,0,0,16,79,0,11,67,76,"-49,35891663050","-16,65879181440"
189,DS OESTE,1,72,0,0,0,0,109,0,1,0,0,0,19,0,0,0,0,0,24,0,349,0,0,0,0,0,0,0,0,175,0,148,4,12,0,8,37,10,43,0,0,37,37,66,0,27,79,9,0,0,170,0,0,0,27,0,0,0,0,0,227,108,"-49,40361356920","-16,68878066930"
190,DS OESTE,0,316,0,0,0,0,0,36,0,14,0,0,0,175,73,0,0,0,0,0,0,0,0,0,0,0,0,0,53,0,0,0,0,4,0,0,0,32,0,1,0,36,0,0,13,6,0,182,0,0,2,0,0,0,0,43,0,4,2,0,3,40,"-49,37953050780","-16,65559296380"
191,DS OESTE,0,124,37,0,0,29,0,9,298,349,0,8,124,73,0,7,0,0,0,0,0,0,42,0,0,0,0,0,0,0,0,55,0,10,17,0,0,25,28,39,0,0,0,0,0,2,0,0,27,0,2,0,0,0,24,0,0,0,0,38,0,56,"-49,27299879660","-16,65392421900"
192,DS OESTE,102,198,37,0,0,57,0,52,0,0,0,0,0,0,0,0,0,0,0,0,0,0,0,0,0,17,0,0,0,0,0,0,0,0,0,0,19,7,7,8,0,0,0,0,46,0,33,0,0,12,0,0,0,6,0,0,0,76,0,0,1,0,"-49,36737313950","-16,70159951010"
193,DS OESTE,10,0,170,0,22,0,3,377,126,94,0,2,0,257,93,0,0,19,0,0,0,0,0,0,56,0,0,0,0,8,2,0,0,1,17,47,31,0,10,0,0,94,10,0,6,8,0,0,0,0,0,8,9,4,71,0,25,11,62,3,49,0,"-49,33686885630","-16,68616675350"
194,DS OESTE,15,0,29,279,0,165,130,312,0,0,0,20,185,69,88,6,40,0,0,0,11,0,8,0,53,42,54,0,0,6,17,3,0,6,0,0,56,0,0,152,0,63,0,9,0,16,0,0,0,0,0,0,0,0,0,0,0,0,0,0,0,20,"-49,32889997350","-16,68483267110"
195,DS OESTE,0,0,351,21,0,9,72,255,51,73,0,137,0,2,8,169,0,0,0,0,2,0,0,0,58,0,0,0,29,0,0,0,0,0,0,16,0,24,0,186,0,47,0,0,12,0,3,12,47,0,6,0,2,0,0,0,0,1,0,0,0,0,"-49,33974935710","-16,69032208840"
196,DS OESTE,78,116,51,14,0,182,48,52,44,221,71,0,127,10,9,0,0,44,0,0,8,0,0,0,36,0,0,0,0,0,0,0,0,0,0,29,39,2,63,1,29,0,16,8,0,0,71,28,0,110,4,2,0,26,0,1,1,0,40,7,0,20,"-49,35154244970","-16,68493525310"
197,DS OESTE,113,0,35,57,309,12,0,2,6,64,0,0,4,0,0,0,0,0,0,0,0,0,0,0,0,37,0,0,0,0,0,0,14,49,0,0,0,0,0,85,0,0,0,101,4,22,0,0,0,0,0,0,28,0,0,0,0,0,0,0,0,0,"-49,34638249020","-16,68956898090"
198,DS OESTE,38,0,82,0,46,0,40,330,131,37,199,21,48,0,0,0,0,0,0,0,0,0,0,0,21,0,0,64,9,31,0,0,0,0,0,0,16,0,28,1,20,0,0,1,0,0,18,52,0,27,19,62,0,0,1,0,0,7,65,0,2,0,"-49,37937901470","-16,67487967670"
199,DS OESTE,0,0,23,57,0,0,49,7,16,0,33,0,0,0,0,0,12,0,0,33,0,0,0,0,8,0,0,0,0,0,0,3,0,0,7,4,72,0,17,0,0,0,0,7,0,0,39,0,7,0,0,0,0,8,94,9,0,0,0,45,2,3,"-49,39043824810","-16,66118941760"
200,DS OESTE,90,36,147,7,0,54,12,147,0,78,44,4,0,16,0,177,0,0,0,0,0,6,121,0,0,19,0,25,0,0,0,0,0,27,8,247,0,0,0,22,0,0,16,0,0,9,50,84,106,26,60,31,0,67,87,119,85,0,96,0,2,10,"-49,38688996950","-16,68356579070"
201,DS OESTE,207,92,121,81,0,0,109,231,50,157,0,0,0,0,0,8,0,0,0,5,153,0,0,0,14,25,0,0,44,0,0,0,41,0,0,0,133,0,182,0,10,0,0,0,0,0,0,0,0,0,0,0,0,0,0,11,0,0,2,0,1,0,"-49,40778770150","-16,69183177080"
202,DS OESTE,27,1,152,94,116,0,0,7,0,74,0,0,0,169,0,10,0,0,0,0,0,0,0,0,0,0,67,27,0,159,27,0,0,9,55,36,0,34,10,6,18,48,0,0,1,29,24,6,0,104,109,13,34,24,108,19,14,36,58,102,247,71,"-49,35012319860","-16,69535867350"
203,DS OESTE,77,0,47,0,149,126,0,3,41,0,23,0,73,8,0,0,0,0,0,0,0,0,0,24,0,51,0,0,0,0,0,39,0,0,0,29,61,34,21,23,0,0,22,127,14,13,0,5,5,0,0,0,0,0,0,0,0,52,0,0,49,16,"-49,39070680000","-16,77865574270"
204,DS OESTE,10,0,282,19,40,157,39,122,0,0,8,0,39,262,0,0,0,0,0,0,0,119,0,0,0,0,0,8,0,204,0,0,0,14,0,0,4,23,2,0,66,0,0,3,0,0,0,0,0,0,0,0,41,0,0,0,0,0,0,0,0,0,"-49,37235074030","-16,69311328560"
205,DS OESTE,4,44,0,0,0,0,121,0,88,0,71,0,0,49,21,0,0,0,0,0,0,0,0,0,0,0,91,0,0,3,126,143,0,5,34,81,22,0,56,0,10,27,17,1,42,27,32,7,0,38,80,31,0,0,0,8,26,57,26,84,74,0,"-49,39014373830","-16,69032257270"
206,DS OESTE,58,25,106,3,257,11,297,212,86,25,0,0,0,0,0,0,0,0,0,9,0,0,42,0,0,0,0,0,0,16,0,23,0,0,0,30,0,0,0,0,0,53,2,0,53,18,37,0,0,0,0,13,20,35,14,7,6,0,7,144,6,4,"-49,37324187810","-16,70397795580"
207,DS OESTE,40,0,199,0,19,244,82,393,0,7,29,0,0,0,118,0,0,4,31,23,0,0,0,0,1,77,5,0,0,0,7,35,12,0,14,37,0,58,14,54,89,0,0,5,13,0,0,17,4,7,50,6,21,29,13,15,1,99,0,104,17,7,"-49,38402474650","-16,72516027130"
208,DS OESTE,0,0,49,24,165,100,47,7,28,20,66,0,0,46,215,86,0,124,0,0,34,0,32,0,0,0,6,0,0,41,5,3,1,46,33,0,52,0,0,0,0,41,0,52,11,17,15,1,3,0,18,0,24,25,0,62,8,0,0,51,94,34,"-49,37144541910","-16,71769357000"
209,DS OESTE,14,88,0,31,110,255,206,104,273,179,0,116,0,230,152,0,0,59,75,0,0,0,0,0,35,0,0,0,0,50,0,0,0,0,0,0,0,22,124,31,77,10,69,0,7,0,18,48,2,18,30,0,26,48,53,38,77,0,30,129,118,2,"-49,38634624790","-16,67724284070"
210,DS OESTE,127,0,172,0,113,13,51,0,0,0,0,67,0,249,0,82,0,49,12,0,0,0,0,0,0,0,0,0,0,0,0,0,9,0,15,0,21,0,0,70,30,12,0,0,0,15,70,0,9,31,29,3,0,24,0,79,33,23,61,0,0,0,"-49,42572656030","-16,66530924680"
211,DS OESTE,92,72,0,7,85,0,531,175,516,9,3,0,191,0,3,148,136,0,0,0,0,0,0,0,0,15,154,0,52,0,0,4,0,0,0,0,0,0,27,0,0,0,0,0,0,4,0,0,0,5,0,0,0,0,0,13,25,1,12,92,135,1,"-49,38195774300","-16,66324904400"
212,DS OESTE,0,45,72,0,122,17,0,40,0,5,4,5,267,8,0,359,84,0,0,37,67,0,0,73,0,0,0,0,0,29,38,0,89,46,56,65,18,2,0,0,0,0,63,1,7,32,70,0,0,13,0,4,0,0,45,48,41,4,0,172,36,68,"-49,42059998040","-16,66854124540"
213,DS OESTE,18,15,0,0,72,17,280,161,0,358,0,0,0,253,0,189,0,0,40,211,15,59,0,0,7,0,0,0,0,0,69,0,0,0,0,0,0,0,0,0,0,0,1,0,0,0,0,0,0,0,3,0,0,0,0,0,0,53,0,0,0,0,"-49,40335872920","-16,68792406710"
214,DS OESTE,144,0,73,0,8,0,0,62,5,0,718,208,208,277,90,61,11,14,0,168,40,0,0,0,0,0,0,0,0,51,38,0,0,4,0,19,0,0,16,21,0,0,0,0,24,23,27,5,0,20,0,8,21,0,47,36,54,25,0,0,0,0,"-49,36019591310","-16,65673608370"
215,DS NOROESTE,52,9,179,39,301,396,308,41,0,25,82,178,0,0,0,0,0,0,0,0,0,0,0,0,128,0,0,0,0,13,0,55,34,40,0,27,256,44,147,14,0,0,33,37,36,6,0,23,45,89,156,123,107,73,61,275,0,148,281,157,207,123,"-49,32954145590","-16,63994845440"
216,DS NOROESTE,119,0,0,0,0,42,56,168,22,0,4,119,72,248,65,10,774,102,8,19,38,71,0,0,0,0,0,0,0,0,0,5,0,0,0,228,316,278,520,578,0,13,0,16,52,0,106,112,66,0,21,35,36,39,268,88,44,21,0,81,138,79,"-49,32690993920","-16,64342350120"
217,DS NOROESTE,0,309,206,37,98,399,269,45,36,24,137,36,0,0,103,0,0,0,0,0,37,143,132,0,114,0,0,0,0,24,38,10,0,0,16,0,0,56,0,79,162,0,0,0,0,43,121,51,20,0,23,0,0,5,18,54,0,0,11,198,175,182,"-49,33193065600","-16,64787130900"
218,DS NOROESTE,0,24,428,0,14,0,0,77,0,0,0,13,6,36,0,0,0,90,0,0,0,0,0,236,25,51,0,0,41,0,0,0,178,72,123,39,40,0,270,19,0,0,87,0,249,0,0,0,168,34,221,200,63,46,59,51,78,79,24,106,51,80,"-49,34992092910","-16,63745650640"
219,DS NOROESTE,0,0,275,0,0,0,138,64,0,247,53,314,0,181,125,0,0,47,18,0,0,0,37,49,0,23,0,0,0,0,0,36,0,21,0,55,23,30,1,94,46,0,3,114,32,161,133,22,10,0,43,0,110,16,0,16,64,6,75,54,2,28,"-49,31438605070","-16,61717719730"
220,DS NOROESTE,21,0,98,49,0,6,91,2,24,4,0,472,0,93,167,372,43,0,0,0,54,89,0,41,104,12,0,21,0,7,0,0,0,0,0,67,22,0,43,76,0,0,9,0,17,16,7,10,0,63,442,212,134,0,132,53,0,42,351,214,23,133,"-49,32053013770","-16,62977703390"
221,DS NOROESTE,0,37,4,0,19,84,13,0,73,298,12,0,104,0,169,5,0,27,0,98,0,0,0,0,192,186,158,0,0,56,67,236,38,68,16,0,71,63,66,79,148,0,12,66,34,0,79,0,0,0,0,0,0,113,0,0,0,0,0,0,7,54,"-49,33340285730","-16,62097879540"
222,DS NOROESTE,154,78,301,31,24,20,428,228,281,181,68,100,0,164,5,0,0,0,0,0,0,0,0,84,147,38,65,20,143,42,63,247,49,141,18,166,178,109,259,263,21,98,36,0,12,0,0,15,8,58,48,203,287,0,30,42,26,6,211,112,93,41,"-49,33288694720","-16,63294763370"
223,DS NOROESTE,0,52,188,0,45,49,276,231,373,15,42,0,0,9,68,0,0,0,0,0,61,0,0,0,0,0,0,87,62,0,0,252,0,19,0,45,0,22,8,102,72,8,0,184,0,55,21,49,0,12,106,61,0,25,0,26,41,0,0,4,7,12,"-49,34036594450","-16,62036460440"
224,DS NOROESTE,43,21,0,104,0,31,58,60,90,15,0,0,63,28,72,0,110,0,0,0,0,41,236,21,219,45,0,8,0,69,87,2,0,0,12,112,29,0,86,228,0,44,62,21,51,74,0,14,0,0,0,0,0,0,24,0,0,0,0,0,0,0,"-49,30954304010","-16,62685146350"
225,DS NOROESTE,20,0,196,0,26,0,137,167,8,0,0,0,109,117,236,204,0,33,23,43,36,0,0,0,0,0,0,121,10,0,0,0,0,0,0,0,0,11,0,0,63,12,0,0,0,0,51,39,52,33,0,0,0,0,0,0,0,0,0,0,0,12,"-49,30771594310","-16,61891712140"
226,DS NOROESTE,0,0,109,0,0,27,175,225,45,288,61,0,6,0,0,107,0,0,0,0,0,0,22,58,0,12,0,44,0,66,36,18,53,92,0,0,0,0,41,0,0,0,0,0,0,0,0,0,65,0,0,26,172,28,22,0,25,32,58,96,0,2,"-49,31491050010","-16,61833088450"
227,DS NOROESTE,0,4,168,120,61,0,75,0,248,0,118,0,0,43,5,4,0,12,0,0,0,0,2,33,122,127,117,36,0,0,0,9,0,79,0,0,0,14,1,0,0,23,0,74,0,28,0,31,0,0,2,0,30,0,0,0,0,0,2,53,0,0,"-49,30172515570","-16,62278495140"
228,DS NOROESTE,81,0,2,0,0,162,19,70,185,0,0,0,0,0,28,0,0,0,56,0,41,0,0,0,0,0,0,25,0,57,0,0,0,24,92,57,17,12,18,9,59,0,0,113,0,0,3,37,4,0,0,45,0,18,59,30,46,0,0,141,42,91,"-49,31176883230","-16,61259513180"
229,DS NOROESTE,0,0,53,189,169,0,116,0,0,0,95,9,0,0,0,0,133,0,0,16,0,0,0,0,15,0,0,0,0,35,0,0,16,75,236,38,47,19,0,33,6,0,0,55,272,0,28,2,0,4,229,460,218,0,0,38,89,121,0,0,108,27,"-49,31829792870","-16,60741567100"
230,DS NOROESTE,5,299,100,90,0,0,21,0,0,0,0,0,92,31,22,0,0,0,0,0,0,0,22,0,0,0,0,0,0,0,66,0,21,8,69,180,33,28,20,23,6,0,0,108,0,0,0,0,0,0,0,0,0,31,0,0,0,0,0,0,0,0,"-49,32346679270","-16,62124639420"
231,DS NOROESTE,149,86,329,0,17,42,102,157,52,0,68,285,0,0,0,18,0,0,0,0,0,0,53,15,41,136,0,0,0,74,99,61,88,39,31,167,58,89,157,72,12,0,29,0,69,16,217,0,235,67,35,80,194,0,71,63,76,222,59,74,136,41,"-49,32784468110","-16,61265492420"
232,DS NOROESTE,0,5,0,0,0,323,36,215,0,127,0,96,0,0,3,99,159,41,0,0,20,0,0,0,51,0,181,189,161,39,27,76,30,0,225,224,23,31,17,413,136,67,0,0,0,42,0,0,91,42,68,112,3,0,33,1,38,0,0,182,38,0,"-49,33564955670","-16,62154564230"
233,DS NOROESTE,0,70,0,0,0,96,107,0,0,0,0,63,0,4,0,0,0,0,24,63,43,0,0,0,0,0,0,72,0,36,0,10,0,52,0,0,0,0,22,0,148,78,31,0,0,0,0,10,0,0,0,0,0,0,34,0,12,0,0,0,0,55,"-49,33313817160","-16,59571148330"
234,DS NOROESTE,50,31,178,0,0,46,0,148,0,0,0,25,0,0,0,0,0,0,0,0,0,0,0,0,1,72,0,0,0,68,0,37,31,44,15,16,32,0,0,0,0,0,0,145,64,0,0,0,0,11,25,48,60,22,55,0,0,132,15,43,0,46,"-49,30326991820","-16,60606115840"
235,DS NOROESTE,87,0,37,19,19,270,115,171,0,2,30,68,0,0,0,10,83,87,13,0,30,10,0,0,1,0,0,49,8,0,0,0,83,146,91,79,0,19,49,59,24,0,0,0,61,0,0,0,0,0,0,34,0,29,26,52,13,68,107,33,19,97,"-49,30446209580","-16,60007829880"
236,DS NOROESTE,125,0,69,135,21,0,107,0,80,293,0,0,71,0,191,33,0,49,0,0,54,269,0,24,202,31,0,0,0,0,27,0,7,74,22,0,41,36,32,56,61,14,18,0,0,0,0,0,202,77,182,17,86,0,69,77,282,153,7,0,0,0,"-49,32226767650","-16,60111214810"
237,DS NOROESTE,104,179,21,0,57,0,0,0,183,154,2,144,0,0,0,117,0,0,53,33,0,0,384,81,116,0,0,48,99,16,28,28,0,35,73,31,15,66,14,96,25,51,0,16,278,421,0,0,0,23,43,0,0,8,0,0,0,15,0,0,0,115,"-49,31830194350","-16,59573798460"
238,DS NOROESTE,210,0,19,0,0,9,598,125,1,25,2,73,190,0,0,0,16,0,0,0,6,0,33,0,0,0,167,0,0,29,0,53,10,121,0,0,72,45,15,45,105,0,0,0,50,0,0,0,50,227,20,10,0,0,0,0,0,42,107,83,38,146,"-49,33590681800","-16,59705871270"
239,DS NOROESTE,36,0,77,89,7,314,16,0,351,0,71,0,30,52,0,5,96,78,0,0,39,0,44,182,342,32,23,97,26,22,29,117,35,0,61,42,289,47,113,373,0,75,27,118,0,16,12,0,42,56,83,0,0,0,0,50,119,23,363,290,91,183,"-49,33282457850","-16,60666548380"
240,DS NOROESTE,69,1,0,75,105,55,65,12,0,552,0,18,0,168,204,19,0,0,0,0,0,60,28,0,38,5,0,64,0,15,56,3,53,0,0,23,0,0,11,297,51,0,13,0,13,0,24,9,58,4,2,48,188,56,42,70,64,172,94,143,84,62,"-49,33847699550","-16,58939933520"
241,DS NOROESTE,0,0,124,0,0,293,0,0,0,0,195,54,0,0,5,0,0,70,0,0,0,92,0,0,66,0,0,0,0,0,0,118,141,0,120,0,53,88,0,330,18,0,0,159,0,5,176,0,140,65,50,46,0,0,0,79,25,31,0,14,0,200,"-49,33517831630","-16,57605462140"
242,DS NOROESTE,133,174,140,204,92,439,307,26,0,67,0,0,0,0,257,39,0,0,0,0,0,10,22,0,32,12,58,59,167,6,31,0,0,78,69,117,87,0,91,82,133,0,0,204,59,43,25,33,289,0,1,32,0,27,0,0,51,36,132,51,0,0,"-49,34588563690","-16,59158490690"
243,DS NOROESTE,89,0,70,86,44,0,0,0,203,0,0,0,55,0,0,0,60,0,46,0,125,144,45,48,2,0,0,0,179,45,72,41,0,0,21,99,72,131,121,371,59,53,16,128,0,22,6,0,24,25,41,103,12,12,22,33,33,69,337,8,0,0,"-49,34510009050","-16,59503641070"
244,DS NOROESTE,152,227,0,19,0,197,209,0,0,28,2,0,0,0,181,31,51,0,16,0,14,208,110,52,139,14,222,21,0,7,245,38,266,25,56,43,74,0,83,184,85,8,0,67,4,22,0,27,0,29,53,0,51,9,55,32,74,88,279,131,56,55,"-49,34741224280","-16,60723315480"
245,DS NOROESTE,0,286,142,126,0,149,177,0,10,9,92,0,125,0,0,134,0,8,44,0,0,18,14,33,207,279,165,60,32,32,0,229,0,136,129,48,88,75,38,99,0,17,21,86,57,73,0,32,0,28,3,58,70,18,27,61,0,0,125,36,147,0,"-49,35268684970","-16,58382723630"
246,DS NOROESTE,0,246,8,8,11,0,0,0,230,0,0,0,72,0,0,6,0,0,125,119,176,37,3,18,0,0,41,276,29,0,44,14,0,0,38,19,16,63,0,0,77,8,0,233,61,0,2,0,0,16,0,0,0,0,0,0,0,0,79,0,16,0,"-49,34116464130","-16,61540237140"
247,DS NOROESTE,0,4,0,0,0,440,0,0,105,21,0,0,2,0,217,0,60,0,80,6,44,0,13,24,174,10,31,0,13,0,0,0,0,0,0,73,0,0,0,42,0,39,0,0,47,15,0,0,49,0,1,0,0,18,0,0,0,149,331,21,11,0,"-49,34730668720","-16,60842587220"
248,DS NOROESTE,135,348,307,28,261,229,399,376,0,45,92,0,0,0,130,229,0,0,0,0,0,0,0,134,44,42,176,1,0,37,24,55,38,47,9,201,0,42,16,125,0,0,25,0,0,3,9,0,97,0,154,125,140,102,121,0,161,77,97,92,127,60,"-49,36988746800","-16,58952632490"
249,DS NOROESTE,5,179,0,0,180,165,15,147,293,37,278,60,51,148,180,0,3,0,0,0,10,38,137,12,142,0,0,180,198,0,0,0,1,6,85,65,17,54,38,0,38,38,0,0,0,48,20,0,0,0,0,0,0,0,0,0,0,20,0,0,84,64,"-49,37591006890","-16,58349915620"
250,DS NOROESTE,0,120,33,7,0,5,68,0,107,121,4,15,56,0,0,0,0,92,0,11,35,0,13,31,0,0,0,0,3,0,83,151,189,148,268,249,66,59,229,228,23,0,59,0,0,46,13,61,17,41,1,1,98,0,17,0,18,70,436,0,252,0,"-49,37849515700","-16,58965882000"
251,DS NOROESTE,190,0,0,0,15,9,306,275,0,0,2,38,0,0,15,239,0,89,0,0,0,0,0,57,0,2,0,0,0,0,4,39,40,131,0,0,38,0,7,70,122,0,0,10,0,15,32,52,0,18,0,87,0,0,26,27,57,45,16,13,0,35,"-49,35594041360","-16,61720644460"
252,DS NOROESTE,30,21,180,183,318,165,116,134,132,160,55,145,0,1,5,18,0,0,4,0,0,36,34,46,308,262,226,0,0,0,0,352,168,0,261,16,139,99,164,82,0,0,0,11,0,13,14,0,66,299,260,174,274,72,62,55,99,151,191,187,90,73,"-49,35581504300","-16,61892186270"
253,DS NOROESTE,61,126,63,59,6,165,18,29,97,12,52,0,0,70,84,68,0,5,0,0,0,0,63,81,310,171,71,41,29,193,69,162,153,69,242,122,172,62,71,407,66,0,0,0,0,27,22,18,0,0,18,0,17,11,13,15,31,139,261,19,0,65,"-49,34643288610","-16,61660413010"
254,DS NOROESTE,0,0,158,0,0,204,210,10,118,132,2,0,38,43,0,267,0,0,0,0,376,0,46,168,86,16,0,53,0,24,22,43,147,15,28,0,68,50,84,151,99,0,6,0,0,14,0,22,0,67,32,10,15,18,25,38,43,19,40,9,0,0,"-49,34168609030","-16,60334750150"
255,DS NOROESTE,34,138,88,52,82,294,252,233,107,0,0,0,0,169,47,0,0,0,0,0,0,205,11,0,3,0,0,62,112,0,24,88,0,0,51,0,61,41,30,80,19,0,0,0,0,0,0,0,0,0,0,1,0,0,0,0,0,0,0,0,0,1,"-49,34125103310","-16,62812926810"
256,DS NOROESTE,19,81,57,43,94,26,82,9,260,0,0,0,0,0,0,0,16,0,0,0,0,0,0,0,0,0,0,0,0,0,0,29,0,64,43,145,0,49,113,35,62,0,0,0,0,0,67,0,0,33,22,163,1,0,37,11,15,88,165,0,0,0,"-49,35029568970","-16,59758165440"
257,DS NOROESTE,0,53,52,53,115,2,120,0,202,139,11,0,0,0,1,6,12,49,0,75,39,162,0,16,84,58,52,0,0,0,0,27,0,0,0,0,27,0,0,0,14,0,0,0,0,0,8,6,0,0,102,129,180,0,68,50,116,97,295,142,161,249,"-49,32664634200","-16,59786557470"
258,DS NORTE,27,4,0,0,0,0,0,0,0,0,0,0,0,16,0,27,0,0,0,3,0,0,0,0,0,0,0,0,0,0,0,21,0,2,0,0,0,0,0,0,0,0,0,0,0,0,0,0,0,0,0,0,0,0,0,0,0,0,1,0,0,0,"-49,20276042040","-16,60042066660"
259,DS NORTE,24,68,108,0,0,0,0,0,0,0,1,34,0,0,82,0,0,0,0,0,0,0,0,0,0,0,0,0,0,0,0,0,0,0,0,0,7,0,0,0,13,0,0,0,0,0,0,0,0,0,0,0,0,0,0,0,0,0,53,0,0,0,"-49,20109729650","-16,59408539330"
260,DS NORTE,0,71,0,0,1,0,13,25,0,0,0,0,0,0,4,0,0,0,0,0,0,0,0,12,70,18,28,0,0,45,0,32,0,9,44,7,34,19,164,4,0,0,89,0,0,0,17,0,0,0,0,0,0,0,10,2,6,111,0,68,13,0,"-49,21820504730","-16,60486360450"
261,DS NORTE,0,27,0,81,28,3,53,202,0,0,0,218,0,0,137,0,0,0,0,0,0,4,0,0,0,19,0,12,33,11,0,0,4,18,0,27,52,0,84,36,29,21,23,0,0,11,11,0,0,0,5,0,16,0,29,0,0,0,29,22,3,19,"-49,20740515490","-16,60778820320"
262,DS NORTE,0,44,43,15,0,27,127,61,28,179,328,416,42,17,0,26,0,0,0,82,87,178,153,0,285,76,82,0,0,0,24,34,1,53,45,59,123,85,412,55,0,6,97,12,52,0,149,63,32,63,80,49,62,31,63,51,129,0,518,139,38,81,"-49,21162131950","-16,61198365370"
263,DS NORTE,35,61,171,246,163,251,92,251,159,0,99,84,493,206,53,479,143,234,249,87,89,7,172,98,91,321,201,189,141,19,0,29,46,18,0,41,267,66,207,83,61,143,132,11,18,50,155,79,38,0,81,45,131,29,46,46,52,49,42,53,18,47,"-49,22323214470","-16,61791636330"
264,DS NORTE,0,45,0,0,30,15,8,306,30,0,12,0,228,47,0,203,45,238,89,105,68,0,0,0,117,6,0,100,32,27,0,0,0,0,0,20,36,0,3,0,67,144,0,0,0,46,0,1,0,0,0,0,9,0,0,27,0,0,5,0,0,2,"-49,21667554050","-16,62254944020"
265,DS NORTE,72,67,67,169,40,140,24,273,46,223,220,176,0,0,12,39,0,11,0,0,0,57,26,0,0,0,0,0,0,0,0,17,17,39,4,0,7,50,212,81,35,18,35,15,0,0,163,0,0,4,40,6,95,32,38,4,57,0,39,23,47,1,"-49,20852643960","-16,62012139230"
266,DS NORTE,0,42,230,1,1,2,1,8,171,171,114,274,187,297,68,46,28,199,16,0,0,111,19,11,133,38,40,0,0,81,15,0,23,21,0,0,16,0,72,141,39,0,63,19,19,0,146,368,148,59,229,85,184,36,26,79,348,17,225,41,28,23,"-49,22715003350","-16,64315536800"
267,DS NORTE,0,41,60,0,0,155,24,0,0,153,439,360,172,137,42,0,0,167,88,216,77,0,11,0,0,16,51,0,0,0,0,0,0,2,0,0,0,0,217,29,15,38,0,0,0,58,0,0,0,0,1,0,1,0,7,33,6,0,1,13,0,0,"-49,23515885470","-16,65035642840"
268,DS NORTE,62,0,0,0,0,0,0,60,62,0,0,0,0,1,0,0,0,44,0,0,0,18,5,49,17,0,47,0,0,20,0,161,24,17,0,38,143,79,167,184,26,11,0,6,63,0,30,115,10,0,1,323,1,54,8,66,32,0,0,0,12,33,"-49,23538644060","-16,64392154350"
269,DS NORTE,28,15,86,0,0,0,0,0,0,0,1,0,152,29,0,148,57,0,0,0,50,0,28,31,90,0,282,0,0,314,75,6,41,61,88,289,73,41,64,20,247,0,6,13,69,0,58,93,18,0,0,0,26,0,29,22,15,5,35,71,0,71,"-49,22825059460","-16,65360191820"
270,DS NORTE,5,0,0,0,51,0,0,0,0,0,38,0,0,14,61,197,106,0,0,0,32,0,0,0,0,0,0,75,12,38,0,176,402,69,231,12,222,168,312,344,50,42,75,157,226,39,146,136,138,52,87,81,29,57,131,89,22,35,85,422,127,162,"-49,25161301580","-16,60795210170"
271,DS NORTE,0,202,0,14,0,0,0,0,76,0,0,0,263,104,118,106,89,80,50,0,0,0,0,129,29,43,88,13,40,0,73,0,14,23,18,0,0,37,143,0,261,220,0,0,32,68,0,0,0,0,0,32,45,9,0,0,0,8,20,32,15,0,"-49,25993901610","-16,59453324160"
272,DS NORTE,0,111,0,0,0,0,0,11,0,0,78,0,0,0,0,0,0,0,0,0,69,0,10,0,43,0,0,162,132,9,56,37,43,32,0,0,59,12,45,0,89,0,0,0,19,0,0,0,0,0,27,0,11,41,52,60,0,51,101,66,0,103,"-49,27029052630","-16,54232946850"
273,DS NORTE,11,17,27,49,13,72,6,0,0,19,0,0,0,87,95,59,0,0,0,0,0,0,0,0,0,0,0,21,161,0,38,60,60,41,21,0,143,36,42,0,17,0,0,0,0,0,0,0,11,0,0,1,72,36,15,23,28,0,0,26,66,0,"-49,26746190020","-16,54814163860"
274,DS NORTE,96,218,66,0,79,393,426,319,0,166,0,0,0,1,0,0,0,0,0,0,29,21,0,68,196,48,118,0,0,229,102,61,108,13,0,0,32,0,0,16,9,89,0,10,0,3,27,43,8,29,0,0,0,18,0,31,19,15,51,60,5,46,"-49,28178974720","-16,57071225170"
275,DS NORTE,0,156,0,56,0,0,120,193,304,0,49,4,0,0,68,0,0,0,20,0,0,0,0,0,13,0,0,0,0,0,0,40,46,16,21,0,7,17,0,0,16,0,0,0,0,0,0,0,0,0,0,0,0,0,0,9,44,0,0,0,0,0,"-49,28869923540","-16,56461653630"
276,DS NORTE,12,0,0,0,0,0,46,177,137,0,0,9,53,6,0,142,0,0,0,69,0,0,0,0,1,0,0,0,0,0,0,0,0,33,26,0,59,0,0,0,12,0,0,0,0,0,0,119,0,19,55,0,0,0,0,0,0,0,0,0,18,0,"-49,26891232380","-16,59662771530"
277,DS NORTE,188,64,54,120,42,254,172,126,0,9,80,10,0,0,0,0,0,0,0,0,0,0,0,0,0,0,0,0,0,0,0,0,108,0,0,0,0,0,0,0,0,9,0,0,0,0,0,57,16,12,0,0,0,0,0,0,0,0,0,0,0,0,"-49,26687294840","-16,58701083130"
278,DS NORTE,94,0,0,78,0,0,0,0,76,0,0,0,0,0,0,27,0,0,0,0,0,0,0,6,0,0,0,0,0,0,0,0,137,0,20,0,168,29,2,110,13,0,56,9,0,0,2,2,62,0,87,1,2,17,0,21,16,46,13,0,10,4,"-49,24813627730","-16,61127566110"
279,DS NORTE,0,1,0,0,13,23,15,19,0,0,0,0,0,0,30,0,0,0,0,0,36,23,4,0,15,74,0,13,0,116,67,2,0,36,265,39,168,84,7,10,66,12,61,72,63,88,0,170,26,89,268,137,94,43,29,19,213,22,20,0,17,18,"-49,25610187370","-16,61658986200"
280,DS NORTE,0,15,0,0,0,99,28,331,0,138,138,0,6,0,0,18,53,38,8,0,21,0,0,0,0,9,0,289,12,42,0,0,57,27,15,40,22,35,151,135,0,382,86,3,22,0,4,102,17,36,1,74,43,54,97,32,19,0,169,17,46,55,"-49,24272574430","-16,62387087180"
281,DS NORTE,0,21,3,0,7,6,0,0,138,0,28,0,0,46,2,214,69,0,0,19,0,11,0,0,89,0,0,0,28,134,61,281,172,88,48,51,77,62,152,140,121,165,23,59,1,0,13,8,0,0,0,1,10,19,0,0,0,27,191,89,78,20,"-49,25138101340","-16,61982616160"
282,DS NORTE,12,43,0,3,12,61,0,64,0,0,9,0,0,75,2,71,0,40,0,0,0,0,0,0,16,0,0,53,0,12,29,36,0,68,15,17,110,19,41,2,59,49,0,0,0,38,20,17,39,24,0,0,6,26,0,0,0,0,74,51,61,19,"-49,24585358710","-16,64297590490"
283,DS NORTE,31,10,147,0,21,0,2,0,0,8,42,104,166,0,71,0,0,7,0,0,0,0,0,0,9,0,0,0,113,17,123,26,97,56,9,66,43,63,133,109,6,0,0,107,21,41,62,20,31,72,183,70,0,19,52,0,0,19,0,9,0,0,"-49,23788867430","-16,63902109150"
284,DS NORTE,0,0,0,0,0,11,44,7,0,15,0,0,194,0,0,0,0,0,0,0,0,0,0,0,0,0,0,32,0,0,0,0,237,29,45,0,135,65,59,59,51,58,0,22,59,13,10,61,10,56,0,21,21,17,0,0,0,0,21,0,26,0,"-49,23879659560","-16,63258978200"
285,DS NORTE,43,261,182,97,30,365,132,243,0,0,22,241,106,56,195,115,0,19,0,0,0,0,0,63,25,116,0,0,0,34,39,36,39,19,23,38,147,98,105,2,25,72,0,0,272,279,51,0,0,42,10,55,169,18,104,68,7,19,121,49,0,241,"-49,29113818710","-16,63360574290"
286,DS NORTE,51,112,41,59,0,92,66,231,205,187,1,0,452,26,117,0,0,105,107,6,0,99,0,0,16,4,37,0,0,101,41,29,12,321,29,77,306,47,213,127,23,0,14,0,25,42,0,0,0,0,0,135,1,0,0,47,78,0,193,42,17,0,"-49,29253701700","-16,62579209100"
287,DS NORTE,0,67,0,134,68,241,33,349,170,169,38,171,129,0,0,127,0,0,0,34,0,0,0,0,0,487,0,233,0,31,4,58,23,176,276,129,409,53,103,240,72,25,37,52,5,69,55,0,22,0,0,28,45,0,0,0,5,0,0,0,0,0,"-49,27733588900","-16,62608745400"
288,DS NORTE,0,0,0,0,0,0,0,0,241,0,0,0,192,131,2,19,66,3,9,0,0,0,0,0,0,70,29,21,0,52,0,7,0,0,66,0,43,0,0,34,33,157,0,0,0,0,0,0,0,0,6,0,0,0,0,0,43,0,0,0,0,0,"-49,29385815060","-16,61575909440"
289,DS NORTE,36,60,23,78,120,132,1,402,14,422,55,0,64,0,92,0,10,0,0,0,0,0,0,0,0,59,0,0,0,0,0,0,0,0,0,0,0,0,0,0,40,0,0,0,0,0,0,54,0,0,1,0,13,0,0,0,0,0,54,34,30,0,"-49,29551493230","-16,61109113950"
290,DS NORTE,166,39,0,0,201,94,0,108,151,183,85,0,142,0,0,0,0,0,59,0,151,0,231,0,49,113,14,0,0,131,0,0,0,0,0,36,36,25,73,34,0,0,0,11,0,0,42,12,8,0,0,0,25,33,9,0,29,0,0,0,0,0,"-49,29563021410","-16,61553209910"
292,DS NORTE,0,0,19,0,0,0,0,27,31,137,0,15,0,0,92,84,220,0,14,0,17,0,34,0,0,0,0,112,53,0,0,0,0,0,0,0,0,0,0,0,26,0,0,0,0,0,0,0,0,0,0,0,0,0,0,17,0,0,52,0,0,0,"-49,29865858630","-16,64785667540"
293,DS NORTE,30,60,48,0,0,68,128,425,0,100,49,235,0,0,278,0,0,0,16,0,0,0,0,21,44,8,148,0,0,18,6,0,0,16,0,0,155,12,34,175,0,0,22,17,37,0,38,83,0,53,51,67,17,0,63,95,48,50,88,18,0,0,"-49,29397984550","-16,64857176100"
294,DS NORTE,0,0,123,0,0,0,25,0,12,50,8,8,0,0,4,14,0,0,0,177,75,0,41,0,14,43,29,0,21,0,20,81,0,18,20,38,120,59,49,18,54,8,0,13,5,0,24,13,22,19,50,41,57,11,0,0,0,7,0,25,0,0,"-49,28300646420","-16,64653869110"
295,DS NORTE,0,74,0,75,0,0,0,78,319,0,0,0,6,0,2,0,0,0,0,0,0,0,51,0,6,66,61,78,26,183,31,0,12,74,51,135,8,0,26,63,17,18,0,4,0,0,0,3,0,57,59,130,0,29,0,0,0,0,38,29,0,112,"-49,28982214930","-16,65180127720"
296,DS NORTE,20,0,0,26,0,0,22,37,83,0,0,0,0,34,55,179,128,0,31,0,0,16,0,0,10,11,20,16,149,0,0,0,0,0,0,0,0,0,0,0,12,0,0,0,0,0,0,0,0,0,0,0,0,0,0,0,0,0,0,0,0,0,"-49,27719807400","-16,63908401820"
297,DS NORTE,38,0,0,0,13,0,0,0,0,0,117,66,0,0,52,0,0,0,0,0,0,68,26,46,37,42,135,0,0,62,43,0,0,45,16,0,0,34,0,22,0,0,42,9,8,0,3,29,0,16,109,80,8,34,59,23,26,21,54,32,0,0,"-49,27197126030","-16,63467912440"
298,DS NORTE,11,17,191,126,131,0,2,124,13,47,59,119,137,46,2,258,188,95,0,116,22,0,0,54,0,277,203,98,88,19,0,14,72,144,65,53,82,32,123,61,12,0,57,51,0,37,0,140,31,0,40,23,26,6,11,11,8,0,30,1,0,81,"-49,27464358090","-16,63622612700"
299,DS NORTE,0,100,0,5,95,150,0,274,25,6,0,0,116,180,0,726,104,214,139,142,95,0,279,0,0,0,0,46,11,0,0,0,0,22,54,0,123,0,36,29,133,79,0,8,0,0,13,44,57,31,21,30,9,22,0,29,44,39,62,37,20,56,"-49,27054704670","-16,63451429200"
300,DS NORTE,80,101,0,0,0,0,22,16,122,0,0,24,0,0,0,113,17,0,98,0,0,109,0,0,4,0,136,0,198,152,19,140,39,56,58,47,125,101,30,88,12,83,4,0,43,21,9,62,32,45,102,44,51,10,54,43,0,16,92,20,31,117,"-49,30000949410","-16,63730806240"
183,DS OESTE,20,35,0,0,0,0,0,0,7,0,0,128,102,0,0,94,0,0,0,0,161,0,0,0,0,0,0,0,0,0,0,4,0,0,0,0,0,23,3,0,0,23,68,36,0,0,0,0,0,0,0,0,0,0,7,10,15,34,44,0,0,1,"0,00000000000","0,00000000000"
291,DS NORTE,89,0,95,57,0,198,33,106,75,0,0,0,29,112,0,0,0,165,10,56,0,0,0,0,30,62,52,0,0,0,0,37,0,37,0,0,50,0,35,99,10,0,0,0,4,6,0,48,0,0,18,58,8,22,32,0,26,27,7,0,0,21,"0,00000000000","0,00000000000"